event_id,lead_id,lead_name,company,industry,stage,event_type,revenue,probability,agent,timestamp
"e363377e-95b7-48f3-b37d-c5e8a6c1fc4c","L1","Lead 1","Company 1","Health","Contacted","lead.created","0","0.33","FollowupAgent","2025-11-12T14:00:50.828Z"
"999d48e3-9b5c-4038-ad42-029f39cc648c","L2","Lead 2","Company 2","FinTech","Lost","lead.created","0","0.05","NegotiationAgent","2025-11-22T01:01:23.744Z"
"8e9e88bc-808a-422e-b3fe-1bda2039ed5b","L3","Lead 3","Company 3","Retail","Engaged","lead.created","0","0.61","NegotiationAgent","2025-12-10T08:10:45.304Z"
"b8f5b716-38e1-4f9e-a975-b73c87f832ef","L4","Lead 4","Company 4","SaaS","Engaged","lead.created","0","0.01","FollowupAgent","2025-12-05T14:22:10.366Z"
"cddde536-c090-4d36-ab21-8295e4ac6ac7","L5","Lead 5","Company 5","SaaS","Won","lead.created","89291","0.51","FollowupAgent","2025-10-31T12:08:30.500Z"
"ef0b7a15-1728-43d8-b771-564467f7c6ec","L6","Lead 6","Company 6","Health","Won","lead.created","34787","0.18","NegotiationAgent","2025-11-08T04:58:39.687Z"
"54396815-051e-41af-a613-c2b3858c46b7","L7","Lead 7","Company 7","EdTech","New","lead.created","0","0.47","NegotiationAgent","2025-10-24T06:56:59.936Z"
"f0d32c75-bb4e-42d9-8ea3-1c9f5b9bcc6d","L8","Lead 8","Company 8","SaaS","Contacted","lead.created","0","0.35","LeadAgent","2025-10-30T07:10:11.492Z"
"77966cef-2c10-41d8-a5ed-712567569af9","L9","Lead 9","Company 9","EdTech","Negotiation","lead.created","0","0.67","NegotiationAgent","2025-10-24T14:47:06.958Z"
"4d2f547d-61d1-4456-b2f4-7df74ddb8ca4","L10","Lead 10","Company 10","FinTech","New","lead.created","0","0.35","LeadAgent","2025-11-15T15:48:06.782Z"
"9817691f-a9bf-4ce6-8ea7-c20fa28491d5","L11","Lead 11","Company 11","EdTech","Won","lead.created","33198","0.9","LeadAgent","2025-12-29T02:01:31.773Z"
"ff02acdc-c0bd-4911-961c-5ed014fd849d","L12","Lead 12","Company 12","SaaS","Contacted","lead.created","0","0.62","LeadAgent","2025-11-24T05:35:47.130Z"
"c45736f6-a615-4ad6-af62-bf1ddfbcec78","L13","Lead 13","Company 13","SaaS","Contacted","lead.created","0","0.87","FollowupAgent","2025-10-25T22:16:18.156Z"
"27a9a44c-d9ce-4cde-9603-15f09ecc4e56","L14","Lead 14","Company 14","Health","Lost","lead.created","0","0.44","NegotiationAgent","2025-11-24T12:47:55.219Z"
"7c7d3f14-85dc-4abb-9d55-2172a5577e2a","L15","Lead 15","Company 15","SaaS","Contacted","lead.created","0","0.34","NegotiationAgent","2025-12-04T16:00:01.385Z"
"0e7c6ac1-aa9f-443e-8328-61bc3e085326","L16","Lead 16","Company 16","Health","Negotiation","lead.created","0","0.33","FollowupAgent","2026-01-12T16:34:02.920Z"
"3f0dfc80-de73-47a3-af6f-5bb0f0508952","L17","Lead 17","Company 17","Retail","Negotiation","lead.created","0","0.92","FollowupAgent","2025-11-08T12:30:31.165Z"
"566143f4-311b-4487-8a9b-5105bc57906c","L18","Lead 18","Company 18","Retail","Won","lead.created","37967","0.04","LeadAgent","2025-12-26T22:49:34.492Z"
"f935c548-7944-4503-8c9b-38f0b9983d54","L19","Lead 19","Company 19","FinTech","Negotiation","lead.created","0","0.03","NegotiationAgent","2025-12-12T02:15:24.025Z"
"732f198c-7610-43f9-93c8-c65701d41bf9","L20","Lead 20","Company 20","FinTech","Engaged","lead.created","0","0.09","NegotiationAgent","2025-11-21T16:15:41.653Z"
"584ddb8f-3063-4e68-8a76-a144523201e0","L21","Lead 21","Company 21","EdTech","Negotiation","lead.created","0","0.31","NegotiationAgent","2026-01-01T02:29:03.361Z"
"8318b2f2-6384-4db1-9e5e-b229c9b6c57c","L22","Lead 22","Company 22","Health","Won","lead.created","26032","0.89","NegotiationAgent","2025-12-02T19:38:14.987Z"
"a8c9c523-ae5b-40c2-ae33-7a4f3de13e46","L23","Lead 23","Company 23","SaaS","Negotiation","lead.created","0","0.35","NegotiationAgent","2025-11-02T21:59:19.946Z"
"c30ccefe-18f7-4ffa-96e7-d078e9e8ead1","L24","Lead 24","Company 24","FinTech","New","lead.created","0","0.76","FollowupAgent","2025-11-30T10:40:19.694Z"
"10e61689-8a3e-48c5-a967-71ae28581886","L25","Lead 25","Company 25","EdTech","Lost","lead.created","0","0.52","LeadAgent","2025-11-20T22:39:03.408Z"
"b7c07273-4f0b-4e29-97ca-3fd6e0486147","L26","Lead 26","Company 26","SaaS","Won","lead.created","56638","0.62","LeadAgent","2025-12-30T15:30:30.947Z"
"a1db8317-ab79-4927-9a40-0747bf80a374","L27","Lead 27","Company 27","Retail","Negotiation","lead.created","0","0.99","NegotiationAgent","2025-12-26T17:17:33.659Z"
"9d5406f0-30c5-40e6-ab81-db0e4f9fd316","L28","Lead 28","Company 28","Health","Engaged","lead.created","0","0.84","FollowupAgent","2025-11-11T08:49:49.249Z"
"596a4028-701d-4f37-a518-b51645357d84","L29","Lead 29","Company 29","Retail","Lost","lead.created","0","0.89","FollowupAgent","2025-10-30T02:51:16.013Z"
"9cdb3e1d-7879-4c7e-8afb-684e13117b2a","L30","Lead 30","Company 30","Retail","Contacted","lead.created","0","0.13","FollowupAgent","2025-12-17T00:18:42.133Z"
"b5d7b263-48e4-413d-9242-a38dbd3eb301","L31","Lead 31","Company 31","Health","Negotiation","lead.created","0","0.17","FollowupAgent","2025-11-14T07:05:35.062Z"
"da7e5997-96f3-4d1c-b5e4-1f01c5fa238f","L32","Lead 32","Company 32","SaaS","Won","lead.created","53605","0.95","FollowupAgent","2025-11-06T19:19:37.275Z"
"309277a1-25ea-4303-a2f3-2fbe23682b58","L33","Lead 33","Company 33","Retail","Engaged","lead.created","0","0.29","LeadAgent","2025-11-23T13:08:53.449Z"
"30ca3bd8-ee6c-4a35-991d-09b4be3e73a9","L34","Lead 34","Company 34","Retail","Negotiation","lead.created","0","0.48","NegotiationAgent","2025-11-06T23:36:56.613Z"
"a9e3eb37-0791-4a94-bbbb-45ad896ca69b","L35","Lead 35","Company 35","FinTech","Contacted","lead.created","0","0.78","LeadAgent","2026-01-08T00:07:48.784Z"
"d535496a-a4aa-427e-9e27-35a097c08cbc","L36","Lead 36","Company 36","SaaS","Engaged","lead.created","0","0.13","LeadAgent","2025-10-20T05:05:00.532Z"
"636c8ce4-f9a4-4636-8a48-87c4e7f15aa5","L37","Lead 37","Company 37","FinTech","Lost","lead.created","0","0.35","FollowupAgent","2025-12-11T05:35:48.807Z"
"ce05317e-cbd0-46f3-80c7-42ca2b171458","L38","Lead 38","Company 38","FinTech","Engaged","lead.created","0","0.84","NegotiationAgent","2025-12-09T18:12:14.161Z"
"e877aac5-bebd-4aaa-bd9d-45a7a61e1fa4","L39","Lead 39","Company 39","FinTech","Engaged","lead.created","0","0.19","NegotiationAgent","2025-12-11T02:27:39.909Z"
"a0e6316b-cba9-46e4-bca2-dc629a208d02","L40","Lead 40","Company 40","Health","Lost","lead.created","0","0.49","LeadAgent","2025-12-16T04:50:40.931Z"
"6154f41d-7b38-42f3-8d9a-f7c1b8b6cf8c","L41","Lead 41","Company 41","FinTech","Contacted","lead.created","0","0.13","FollowupAgent","2026-01-05T17:30:12.720Z"
"df7103c9-297c-4373-8b66-80006c3bf270","L42","Lead 42","Company 42","FinTech","New","lead.created","0","0.98","NegotiationAgent","2025-11-01T00:40:29.237Z"
"86b22574-8229-4c37-a721-0eaf76a07864","L43","Lead 43","Company 43","FinTech","Lost","lead.created","0","0.86","NegotiationAgent","2025-11-06T11:27:42.739Z"
"cd84c7df-a965-4732-b3f5-3ab295e9ac28","L44","Lead 44","Company 44","EdTech","Engaged","lead.created","0","0.06","LeadAgent","2025-10-28T01:12:52.875Z"
"89569475-c4d0-46c5-a9c6-7263b2ad6c4d","L45","Lead 45","Company 45","Health","Negotiation","lead.created","0","0.98","LeadAgent","2026-01-06T08:30:06.977Z"
"407c3102-c318-4d24-b357-cc0590e4b3b1","L46","Lead 46","Company 46","EdTech","Lost","lead.created","0","0.56","LeadAgent","2026-01-09T02:58:51.554Z"
"607e7781-f95f-4277-ada1-72f998649ade","L47","Lead 47","Company 47","EdTech","Contacted","lead.created","0","0.3","FollowupAgent","2025-11-29T03:59:15.663Z"
"559e647e-b151-4772-9faa-f023ba55697b","L48","Lead 48","Company 48","FinTech","Won","lead.created","77464","0.67","LeadAgent","2026-01-02T05:29:23.356Z"
"5640b11d-f704-4bf0-93ed-9cfb34985d01","L49","Lead 49","Company 49","EdTech","Lost","lead.created","0","0.91","NegotiationAgent","2025-12-06T02:21:37.191Z"
"db1640b3-46d5-4940-b22d-2765596f1fe6","L50","Lead 50","Company 50","SaaS","Lost","lead.created","0","0.98","LeadAgent","2025-12-09T02:12:52.085Z"
"69c6c29a-534d-4641-9274-4aaa886a0cc4","L51","Lead 51","Company 51","EdTech","New","lead.created","0","0.34","NegotiationAgent","2025-12-26T17:16:56.056Z"
"dc03f04b-2fd1-4400-9e97-ecc21e4fdbcf","L52","Lead 52","Company 52","FinTech","Lost","lead.created","0","0.04","LeadAgent","2025-11-25T04:12:03.656Z"
"5bde132d-dc9e-4477-8689-9b6b0f80401c","L53","Lead 53","Company 53","Retail","New","lead.created","0","0.48","NegotiationAgent","2025-11-13T22:57:18.798Z"
"6adfe16a-9273-48e2-bb55-96a362a53571","L54","Lead 54","Company 54","SaaS","Negotiation","lead.created","0","0.53","NegotiationAgent","2025-11-13T20:46:27.743Z"
"b971ee10-2203-451e-a626-0059b2fcac68","L55","Lead 55","Company 55","Retail","New","lead.created","0","0.82","NegotiationAgent","2025-12-24T23:57:52.313Z"
"e9decf6f-c8c7-4011-977e-92b8fbe37ddc","L56","Lead 56","Company 56","FinTech","Won","lead.created","86356","0.34","LeadAgent","2026-01-09T00:59:44.992Z"
"4e4cfd5a-7f9c-49ad-bb9c-533ea6608896","L57","Lead 57","Company 57","FinTech","Engaged","lead.created","0","0.54","LeadAgent","2025-12-19T19:42:28.423Z"
"891d93d0-988c-442e-87dd-779ade59531f","L58","Lead 58","Company 58","EdTech","Engaged","lead.created","0","0.08","LeadAgent","2025-11-16T17:33:11.692Z"
"fffe4a12-630a-495b-b23a-b959542b2131","L59","Lead 59","Company 59","EdTech","Contacted","lead.created","0","0.99","LeadAgent","2025-11-30T14:55:27.981Z"
"cc4ad563-df8b-481f-a130-5e2bf9968c35","L60","Lead 60","Company 60","FinTech","Lost","lead.created","0","0.93","NegotiationAgent","2025-11-12T17:02:45.980Z"
"8d8e95a9-a3ee-4660-a899-56966bd612b1","L61","Lead 61","Company 61","Retail","Won","lead.created","90044","0.32","LeadAgent","2025-12-05T14:55:31.956Z"
"82f94ae8-c599-42f9-8f14-3b35703de39c","L62","Lead 62","Company 62","EdTech","Contacted","lead.created","0","0.26","NegotiationAgent","2026-01-09T07:25:24.325Z"
"e300abd2-f6e1-41e6-ae33-91e4ba7ec3a2","L63","Lead 63","Company 63","EdTech","Negotiation","lead.created","0","0.96","LeadAgent","2025-11-14T11:44:52.249Z"
"2bf44303-e11c-478c-af15-df56bebbb829","L64","Lead 64","Company 64","Retail","Negotiation","lead.created","0","0.03","FollowupAgent","2025-11-08T09:03:14.632Z"
"ef41b846-6ed1-45b7-b0b9-a9a08fe25bd4","L65","Lead 65","Company 65","EdTech","Lost","lead.created","0","0.43","FollowupAgent","2026-01-16T07:29:57.156Z"
"dc8d802b-910f-4504-8367-89f594d198f0","L66","Lead 66","Company 66","Health","Lost","lead.created","0","0.71","NegotiationAgent","2025-12-02T14:35:35.366Z"
"82412e35-1a00-445a-9ca2-2a1a5cb5d7d5","L67","Lead 67","Company 67","FinTech","Lost","lead.created","0","0.47","NegotiationAgent","2025-11-24T19:10:08.406Z"
"7c8baba6-1fff-42bc-810d-dadbe08e6fde","L68","Lead 68","Company 68","Retail","Engaged","lead.created","0","0.15","NegotiationAgent","2025-10-23T01:30:58.495Z"
"98b0588b-b6b4-4242-abcf-5e5be08293ea","L69","Lead 69","Company 69","FinTech","Engaged","lead.created","0","0.61","FollowupAgent","2025-10-30T05:14:26.510Z"
"c9b4cd1d-45af-4abb-a9f6-970c50e51523","L70","Lead 70","Company 70","Retail","Lost","lead.created","0","0.67","LeadAgent","2026-01-11T17:36:38.148Z"
"2ef99236-fc65-4258-9a75-06748fd0e090","L71","Lead 71","Company 71","EdTech","Negotiation","lead.created","0","0.79","FollowupAgent","2025-12-05T00:53:04.400Z"
"5cdedf7a-090b-473e-a72c-4c1776a3a1da","L72","Lead 72","Company 72","SaaS","New","lead.created","0","0.73","NegotiationAgent","2026-01-08T02:32:24.189Z"
"c0861965-493a-4da0-9491-7b6ed0063030","L73","Lead 73","Company 73","FinTech","New","lead.created","0","0.38","FollowupAgent","2025-11-05T20:54:05.684Z"
"20042f70-7b9f-4e12-b14a-8eed1241e0cb","L74","Lead 74","Company 74","Retail","Engaged","lead.created","0","0.4","LeadAgent","2025-12-28T05:50:41.185Z"
"c5a5e033-2db4-4249-9d10-584a9cc4f2f0","L75","Lead 75","Company 75","SaaS","Engaged","lead.created","0","0.86","LeadAgent","2025-11-18T22:44:00.460Z"
"51c304b8-42d2-4218-9595-09527e937133","L76","Lead 76","Company 76","EdTech","Negotiation","lead.created","0","0.51","NegotiationAgent","2026-01-04T06:03:33.024Z"
"72f63bf5-fe9d-4483-aa20-0c7dddeef153","L77","Lead 77","Company 77","SaaS","Lost","lead.created","0","0.1","LeadAgent","2025-10-26T01:58:16.537Z"
"dd8a3738-9bdf-40d6-8983-bc6c92223023","L78","Lead 78","Company 78","EdTech","New","lead.created","0","0.73","NegotiationAgent","2025-11-05T02:06:24.676Z"
"f944f032-b6ea-428c-b71d-bbf93ab2cdfe","L79","Lead 79","Company 79","FinTech","Contacted","lead.created","0","0.46","LeadAgent","2025-12-09T04:13:25.168Z"
"12b13a94-5063-4d65-b7c0-b65b3fd206a6","L80","Lead 80","Company 80","SaaS","Negotiation","lead.created","0","0.25","NegotiationAgent","2025-12-24T19:18:00.971Z"
"5b3841ca-2c69-4bdb-b198-d2e164f9ac67","L81","Lead 81","Company 81","SaaS","Contacted","lead.created","0","0.13","FollowupAgent","2026-01-11T22:41:04.683Z"
"19c9c3b7-c315-4870-9120-86e992998ca6","L82","Lead 82","Company 82","Retail","Lost","lead.created","0","0.04","FollowupAgent","2025-11-23T06:06:37.253Z"
"fa457906-2e07-4e05-a0ae-423fbd907ca2","L83","Lead 83","Company 83","FinTech","Negotiation","lead.created","0","0.83","FollowupAgent","2025-11-17T01:33:32.233Z"
"3966a5c4-1f20-4b6e-ad03-5b93cb6cd954","L84","Lead 84","Company 84","EdTech","Contacted","lead.created","0","0.21","FollowupAgent","2026-01-01T19:05:39.766Z"
"9015e80f-ba2c-4774-9de1-3c25fde6b92b","L85","Lead 85","Company 85","FinTech","Engaged","lead.created","0","0.77","LeadAgent","2025-12-10T07:22:12.375Z"
"2056db82-9792-49d0-a271-96b9acf99ad9","L86","Lead 86","Company 86","FinTech","Contacted","lead.created","0","0.1","FollowupAgent","2025-12-30T21:40:08.795Z"
"86ca2201-d90c-4181-84e7-28d37dcf09e7","L87","Lead 87","Company 87","Health","Negotiation","lead.created","0","0.72","FollowupAgent","2025-12-08T01:51:44.794Z"
"191a050c-4cdc-4277-aafe-ecc66a171b2f","L88","Lead 88","Company 88","FinTech","Negotiation","lead.created","0","0.79","FollowupAgent","2025-11-28T17:35:52.543Z"
"151c5e88-4915-4fed-87b0-d2b7d8d0c02f","L89","Lead 89","Company 89","EdTech","Engaged","lead.created","0","0.3","NegotiationAgent","2025-10-21T22:33:07.919Z"
"12e77cea-6608-4652-a95e-55769c71ff73","L90","Lead 90","Company 90","Retail","Won","lead.created","46466","0.97","NegotiationAgent","2025-12-26T14:00:42.661Z"
"c268c51a-d2b4-40c6-9c93-2e7de3a0087a","L91","Lead 91","Company 91","SaaS","Lost","lead.created","0","0.18","FollowupAgent","2026-01-09T22:44:22.641Z"
"99bcfdb7-cc69-42c3-a4bb-db752102b1fa","L92","Lead 92","Company 92","FinTech","Engaged","lead.created","0","0.03","LeadAgent","2026-01-06T08:12:52.889Z"
"1a9d5135-141a-4a2e-90f0-dbe6dfee23d1","L93","Lead 93","Company 93","EdTech","Lost","lead.created","0","0.86","LeadAgent","2025-11-23T07:30:40.991Z"
"ed4ee406-49f4-4b92-9c99-0826042cf31f","L94","Lead 94","Company 94","Health","Negotiation","lead.created","0","0.36","NegotiationAgent","2025-12-29T01:26:34.965Z"
"d6cb0447-4f43-45d9-a5ed-41e8ed464d5c","L95","Lead 95","Company 95","Retail","New","lead.created","0","0.92","NegotiationAgent","2025-12-20T16:45:42.011Z"
"f6be3c68-1f62-4ce6-84b7-49ce0c01d649","L96","Lead 96","Company 96","Health","Engaged","lead.created","0","0.21","LeadAgent","2026-01-03T09:01:59.130Z"
"9e9b7916-30b0-4a89-93db-332c4ca37214","L97","Lead 97","Company 97","SaaS","Engaged","lead.created","0","0.97","LeadAgent","2026-01-11T13:38:25.095Z"
"9a0f7893-1284-45ee-9026-d52efab96d70","L98","Lead 98","Company 98","Retail","New","lead.created","0","0.29","NegotiationAgent","2025-11-15T14:38:30.305Z"
"49e27910-fe81-41ab-ae9e-b06075b9a0bc","L99","Lead 99","Company 99","Retail","Contacted","lead.created","0","0.93","LeadAgent","2025-12-23T18:22:14.946Z"
"de6876bd-cc9b-40de-93c5-1ad4a7597d6f","L100","Lead 100","Company 100","FinTech","Lost","lead.created","0","0.99","LeadAgent","2025-12-31T15:52:56.323Z"
"a9af9d51-8dad-4991-927f-d473f01c7636","L101","Lead 101","Company 101","Health","Won","lead.created","63424","0.21","NegotiationAgent","2025-11-01T03:06:38.345Z"
"31788750-c15b-4144-96e7-cf5e4b17183c","L102","Lead 102","Company 102","FinTech","Negotiation","lead.created","0","0.04","NegotiationAgent","2025-12-22T07:18:30.540Z"
"c79b6007-26e2-4b36-9282-7a2e47dce110","L103","Lead 103","Company 103","Retail","Contacted","lead.created","0","0.52","LeadAgent","2025-10-25T03:07:30.465Z"
"2b5c33cd-8c26-4a50-9315-358131227882","L104","Lead 104","Company 104","FinTech","Lost","lead.created","0","0.2","LeadAgent","2026-01-09T15:37:20.899Z"
"b3606313-2333-48bd-8da7-e507f651ebc4","L105","Lead 105","Company 105","SaaS","New","lead.created","0","0.34","LeadAgent","2025-10-23T00:36:53.781Z"
"be241027-aad4-4216-b424-117c2a76a779","L106","Lead 106","Company 106","SaaS","Negotiation","lead.created","0","0.95","NegotiationAgent","2025-11-20T15:33:14.416Z"
"7a206b28-7a16-489f-8dbc-9f974bb14c42","L107","Lead 107","Company 107","FinTech","New","lead.created","0","0.08","FollowupAgent","2025-10-20T18:36:17.331Z"
"c1d2582e-5606-483b-bf6e-9d140e51ebde","L108","Lead 108","Company 108","Retail","New","lead.created","0","0.07","FollowupAgent","2025-12-01T06:25:09.399Z"
"31e64f09-c24f-41fc-801c-c242063d047b","L109","Lead 109","Company 109","Health","New","lead.created","0","0.31","NegotiationAgent","2026-01-12T07:17:18.354Z"
"2385e2c2-a6cb-4c1c-a739-ec0172d80e73","L110","Lead 110","Company 110","EdTech","Engaged","lead.created","0","0.93","NegotiationAgent","2025-11-15T18:50:31.333Z"
"cc6cead0-b7d6-4143-a292-9fbe1af5d9f2","L111","Lead 111","Company 111","Retail","Negotiation","lead.created","0","0.42","LeadAgent","2025-11-08T06:25:38.274Z"
"556e0e25-e045-4047-929f-676fcf7ff580","L112","Lead 112","Company 112","EdTech","New","lead.created","0","0.99","NegotiationAgent","2025-11-23T00:40:34.547Z"
"705de4d9-7ef6-4845-addb-46c0b280b769","L113","Lead 113","Company 113","Retail","New","lead.created","0","0.59","LeadAgent","2025-11-14T09:22:40.380Z"
"9b567697-5ac1-4b1a-8646-89c54863d975","L114","Lead 114","Company 114","FinTech","New","lead.created","0","0.13","FollowupAgent","2025-12-10T21:08:32.369Z"
"ac53965b-6afc-470d-8699-9c4941bc5206","L115","Lead 115","Company 115","Retail","Lost","lead.created","0","0.49","LeadAgent","2026-01-17T05:25:11.350Z"
"c9f01fa4-8c91-4fd2-af21-43acf7754ada","L116","Lead 116","Company 116","Retail","Lost","lead.created","0","0.5","LeadAgent","2025-11-05T10:01:33.569Z"
"2d94ef5a-e671-4a7c-b98a-06d9cd35658b","L117","Lead 117","Company 117","FinTech","Lost","lead.created","0","0.41","LeadAgent","2025-12-17T03:45:46.909Z"
"030dddf6-53b5-4d2f-98e0-e1f132ac3be6","L118","Lead 118","Company 118","Health","Contacted","lead.created","0","0.7","NegotiationAgent","2025-10-24T11:25:52.807Z"
"3f442e92-cb72-4875-99bb-22b4dfb6eb12","L119","Lead 119","Company 119","SaaS","Engaged","lead.created","0","0.73","FollowupAgent","2025-10-27T05:52:05.748Z"
"67a15ac9-d3e0-4ec4-aa79-2b7d5ed6d24d","L120","Lead 120","Company 120","SaaS","Contacted","lead.created","0","0.08","FollowupAgent","2025-11-12T16:04:39.475Z"
"e1f338e5-0d74-4c6e-92c0-288ea2baeb4c","L121","Lead 121","Company 121","SaaS","New","lead.created","0","0.59","LeadAgent","2025-11-16T03:10:49.199Z"
"ae297c71-9473-4d61-9915-db44de9d4d54","L122","Lead 122","Company 122","Retail","New","lead.created","0","0.87","LeadAgent","2025-12-04T11:17:25.369Z"
"f7e712f3-b122-4220-8e9e-52d012b3480b","L123","Lead 123","Company 123","EdTech","Contacted","lead.created","0","0.79","LeadAgent","2025-10-27T07:18:56.761Z"
"90de6104-0a69-4a29-8aa0-437438caf196","L124","Lead 124","Company 124","Health","Contacted","lead.created","0","0.88","NegotiationAgent","2025-11-08T02:43:20.873Z"
"4b60274d-13a3-431d-9cf8-71fb6a343e7e","L125","Lead 125","Company 125","Health","Won","lead.created","85055","0.34","NegotiationAgent","2025-10-26T12:10:13.652Z"
"67fe154d-02ff-4fc4-a393-f3337b0ed88a","L126","Lead 126","Company 126","EdTech","Negotiation","lead.created","0","0.36","NegotiationAgent","2025-12-05T20:14:36.613Z"
"b4fcd03b-655b-4e05-b6f3-c78be575424c","L127","Lead 127","Company 127","EdTech","Negotiation","lead.created","0","0.15","FollowupAgent","2025-11-13T23:48:41.274Z"
"28077245-7497-466c-b82c-d8a042eaa74c","L128","Lead 128","Company 128","SaaS","Engaged","lead.created","0","0.19","NegotiationAgent","2025-11-03T20:10:00.207Z"
"ea0ac2e5-4fdf-4ea4-bfd2-ae5c8e51dd19","L129","Lead 129","Company 129","EdTech","Negotiation","lead.created","0","0.43","LeadAgent","2025-12-05T05:53:25.467Z"
"0d32e156-606e-40eb-bf5b-34e2f152c263","L130","Lead 130","Company 130","EdTech","Won","lead.created","48069","0.6","FollowupAgent","2025-10-29T17:40:43.533Z"
"8eaaa2f6-ba61-43c3-b128-8ceb91a367cd","L131","Lead 131","Company 131","Health","Negotiation","lead.created","0","0.97","FollowupAgent","2025-11-13T09:27:18.578Z"
"ec39a30f-b877-4880-8825-79a4a19c15e7","L132","Lead 132","Company 132","SaaS","Engaged","lead.created","0","0.87","LeadAgent","2025-11-07T10:24:17.256Z"
"2a17232f-c87f-4e52-b3d4-9f3951b93f09","L133","Lead 133","Company 133","SaaS","Negotiation","lead.created","0","0.12","FollowupAgent","2025-12-30T12:30:18.174Z"
"f5f78b2f-f591-4d9e-af09-f43e6b8140f3","L134","Lead 134","Company 134","Health","Contacted","lead.created","0","0.82","NegotiationAgent","2025-11-13T12:24:08.374Z"
"2cd1beb5-ff0c-4ca7-937b-3f016135b137","L135","Lead 135","Company 135","SaaS","New","lead.created","0","0.58","LeadAgent","2025-11-04T19:54:44.971Z"
"68d06ae2-6e95-4efe-9cef-5c4b3b86c875","L136","Lead 136","Company 136","Health","Contacted","lead.created","0","0.48","FollowupAgent","2026-01-08T01:01:47.796Z"
"27862d04-bd0e-4618-a9cf-46f32a90e95d","L137","Lead 137","Company 137","Retail","New","lead.created","0","0.14","NegotiationAgent","2025-12-27T18:21:40.703Z"
"2bdaa38c-4a50-46d7-91f5-745bbfd8c601","L138","Lead 138","Company 138","EdTech","Negotiation","lead.created","0","0.77","FollowupAgent","2026-01-12T01:46:08.463Z"
"107a489b-6a36-45fb-84e7-6139daa89f4c","L139","Lead 139","Company 139","SaaS","Won","lead.created","42940","0.35","NegotiationAgent","2025-10-30T18:18:21.754Z"
"df965d50-c81a-46a2-b6f2-7020dde01656","L140","Lead 140","Company 140","Health","Contacted","lead.created","0","0.86","NegotiationAgent","2025-10-25T10:43:04.806Z"
"4a56fbd2-0e93-4ac4-9c26-2f1258cf3a29","L141","Lead 141","Company 141","FinTech","Won","lead.created","53872","0.77","FollowupAgent","2025-11-30T15:21:51.033Z"
"1bd0ef90-cf80-466a-bffa-009b7d89f606","L142","Lead 142","Company 142","Health","Contacted","lead.created","0","0.38","LeadAgent","2025-10-23T16:55:57.657Z"
"ce8e231d-7d88-4fce-b351-74e607504b91","L143","Lead 143","Company 143","FinTech","Lost","lead.created","0","0.21","LeadAgent","2025-11-15T09:00:27.094Z"
"c5aa0bc3-77c5-4a1b-a24a-3836460e2a2f","L144","Lead 144","Company 144","SaaS","Lost","lead.created","0","0.45","NegotiationAgent","2025-12-09T00:57:22.474Z"
"dd9294b9-ff28-4eb4-b869-277ecfa6f622","L145","Lead 145","Company 145","Retail","Negotiation","lead.created","0","0.71","LeadAgent","2025-12-26T08:44:28.549Z"
"e6576b14-e20d-4a93-a0c2-e8008bcc3b47","L146","Lead 146","Company 146","EdTech","New","lead.created","0","0.17","FollowupAgent","2025-12-10T17:42:13.839Z"
"8655272c-d67f-4dc4-8630-564d8dd7b02b","L147","Lead 147","Company 147","Health","Engaged","lead.created","0","0.64","NegotiationAgent","2025-12-07T17:43:39.263Z"
"8da043c2-c812-40b3-9341-f60069a6dcc4","L148","Lead 148","Company 148","Health","Negotiation","lead.created","0","0.07","FollowupAgent","2025-12-31T15:02:56.961Z"
"4b1f2d4c-d389-4126-a9b6-e4d3e7323b08","L149","Lead 149","Company 149","Retail","Contacted","lead.created","0","0.27","FollowupAgent","2025-12-13T00:22:52.382Z"
"1f19682f-8407-4d19-9736-c1783c52b01f","L150","Lead 150","Company 150","SaaS","Negotiation","lead.created","0","0.15","FollowupAgent","2025-11-06T21:41:28.027Z"
"0719f036-a132-423e-bf63-f6a08ea0e35a","L151","Lead 151","Company 151","SaaS","Contacted","lead.created","0","0.88","LeadAgent","2026-01-14T21:02:29.452Z"
"572b9adb-7cd7-4ac7-921d-fb5d9eab45c8","L152","Lead 152","Company 152","Retail","Negotiation","lead.created","0","0.52","LeadAgent","2025-12-16T20:32:32.866Z"
"9389f0d5-5ec5-4fa6-8cb9-c2bb4f42881a","L153","Lead 153","Company 153","Retail","Won","lead.created","67510","0.9","FollowupAgent","2025-10-23T22:25:42.898Z"
"d6dc298b-b334-46d1-8f3c-dd2fc6cca978","L154","Lead 154","Company 154","Retail","Engaged","lead.created","0","0.51","FollowupAgent","2025-12-12T10:31:44.752Z"
"4ba4f05f-923d-4dad-a43a-28c1addeed69","L155","Lead 155","Company 155","Retail","Lost","lead.created","0","0.62","FollowupAgent","2025-11-29T02:38:22.478Z"
"cbb354e7-7f2a-4a02-aa30-ee7ab446ad86","L156","Lead 156","Company 156","Health","Negotiation","lead.created","0","0.73","NegotiationAgent","2025-11-28T07:14:17.965Z"
"83ded88c-fa74-4f86-ba57-0a3c1f512f97","L157","Lead 157","Company 157","SaaS","Negotiation","lead.created","0","0.33","FollowupAgent","2025-12-12T18:20:27.483Z"
"86bf2298-ae42-4a02-81cf-bb4ff180b64f","L158","Lead 158","Company 158","Health","Negotiation","lead.created","0","0.51","FollowupAgent","2026-01-13T10:17:36.233Z"
"38003991-bd59-44a1-8e0a-7d9b2395b0d6","L159","Lead 159","Company 159","Health","Engaged","lead.created","0","0.53","FollowupAgent","2025-11-13T21:30:06.165Z"
"22701a7d-eca3-488d-87b1-c8f78225c3d7","L160","Lead 160","Company 160","Retail","Engaged","lead.created","0","0.44","FollowupAgent","2025-10-27T01:13:48.696Z"
"5683e6ba-560a-463a-89e9-5f2e6d1b1dc6","L161","Lead 161","Company 161","EdTech","Lost","lead.created","0","0.74","NegotiationAgent","2025-11-27T03:12:18.943Z"
"b255d26d-3a15-4c04-a907-2732966f3ea0","L162","Lead 162","Company 162","FinTech","Won","lead.created","64964","1","NegotiationAgent","2025-12-09T18:55:39.124Z"
"a0a43050-1492-44d0-b3bd-491211dc9563","L163","Lead 163","Company 163","Retail","Negotiation","lead.created","0","0.87","LeadAgent","2026-01-06T02:13:43.626Z"
"8d4603d6-984b-481b-9987-fcb668dd5ec5","L164","Lead 164","Company 164","SaaS","Contacted","lead.created","0","0.39","LeadAgent","2026-01-08T02:51:49.036Z"
"475fd03d-6609-476f-8abd-6c5ec07506b7","L165","Lead 165","Company 165","FinTech","New","lead.created","0","0.2","LeadAgent","2025-11-21T15:42:55.159Z"
"bdacf6b7-aa95-4d48-86ce-65b4052048a1","L166","Lead 166","Company 166","FinTech","Won","lead.created","70633","0.24","LeadAgent","2026-01-07T23:55:45.299Z"
"88a10ed2-4797-43b5-bd7c-3ace69645627","L167","Lead 167","Company 167","EdTech","Lost","lead.created","0","0.78","FollowupAgent","2025-11-16T20:21:59.540Z"
"4c56ef11-039c-4c43-87a9-f0b006699c5e","L168","Lead 168","Company 168","Retail","Won","lead.created","41336","0.22","FollowupAgent","2025-12-20T17:35:52.301Z"
"7f338e26-f2a5-4c7a-a33d-9083b2800b3b","L169","Lead 169","Company 169","FinTech","Negotiation","lead.created","0","0.66","FollowupAgent","2026-01-09T00:28:45.849Z"
"888993a3-2734-4c03-997c-78b5d15db45e","L170","Lead 170","Company 170","Health","Engaged","lead.created","0","0.7","NegotiationAgent","2026-01-17T16:04:01.794Z"
"d438d3d6-34ab-4bfd-a357-d3b44a99f7e3","L171","Lead 171","Company 171","Health","Lost","lead.created","0","0.85","NegotiationAgent","2026-01-15T09:30:33.652Z"
"55ba92aa-0d53-4157-8e3d-6b9d53b77118","L172","Lead 172","Company 172","EdTech","Negotiation","lead.created","0","0.27","LeadAgent","2025-11-05T18:57:06.416Z"
"61529e9c-8f80-47b3-b4a6-e00ba087718e","L173","Lead 173","Company 173","Retail","New","lead.created","0","0.85","FollowupAgent","2025-12-12T18:54:09.860Z"
"f5e3b775-3f77-4f82-b593-cb3101d27a7a","L174","Lead 174","Company 174","SaaS","Won","lead.created","89491","0.91","NegotiationAgent","2025-12-15T19:49:25.258Z"
"cc84f6ac-ed9c-4cbb-8369-75ae0802c40a","L175","Lead 175","Company 175","EdTech","Negotiation","lead.created","0","0.32","FollowupAgent","2025-12-31T17:11:32.102Z"
"dc62a3ed-ddb0-437d-8874-6fc620b516c8","L176","Lead 176","Company 176","Retail","Engaged","lead.created","0","0.84","NegotiationAgent","2025-11-17T02:53:46.673Z"
"08bc6117-6656-4224-932a-d2488b82430c","L177","Lead 177","Company 177","Retail","Engaged","lead.created","0","0.98","LeadAgent","2025-12-29T23:54:22.168Z"
"08d3954d-d443-479e-91f8-7757e60d3a9b","L178","Lead 178","Company 178","SaaS","Lost","lead.created","0","0.75","LeadAgent","2025-11-09T20:23:13.457Z"
"35f88fff-7413-4492-bd18-8678cdae098d","L179","Lead 179","Company 179","SaaS","Engaged","lead.created","0","0.66","FollowupAgent","2025-12-01T02:52:25.697Z"
"52ac86f6-782e-44a5-b9be-4482a35c1063","L180","Lead 180","Company 180","EdTech","Lost","lead.created","0","0.88","FollowupAgent","2025-10-29T13:34:23.956Z"
"b205bd7b-f5bf-4bca-bf8a-648c7b99f24f","L181","Lead 181","Company 181","FinTech","Engaged","lead.created","0","0.05","NegotiationAgent","2025-10-28T00:41:10.963Z"
"2a241d14-9aa9-4795-9f88-b88101e5f64e","L182","Lead 182","Company 182","Health","New","lead.created","0","0.17","LeadAgent","2025-12-27T05:56:32.042Z"
"b908f3d1-7cef-43a2-a75b-dd490dc65272","L183","Lead 183","Company 183","Health","Negotiation","lead.created","0","0.29","LeadAgent","2025-11-29T18:57:20.154Z"
"0ec313c2-083e-40c2-9331-ece1b6dfb024","L184","Lead 184","Company 184","FinTech","Negotiation","lead.created","0","0.32","FollowupAgent","2025-12-20T15:30:29.866Z"
"3261d908-9e62-432f-beed-2512e3a0032e","L185","Lead 185","Company 185","Retail","Won","lead.created","45155","0.22","FollowupAgent","2025-12-23T07:59:50.008Z"
"61a45f89-5d15-4749-871f-de12db4acfc4","L186","Lead 186","Company 186","SaaS","Contacted","lead.created","0","0.02","LeadAgent","2025-11-19T22:42:15.231Z"
"984b9de4-c553-4a8f-8217-21799c7d574a","L187","Lead 187","Company 187","SaaS","Engaged","lead.created","0","0.24","LeadAgent","2025-10-25T21:35:40.161Z"
"8936c661-e45f-4014-9635-1aa3a8e02cc8","L188","Lead 188","Company 188","Retail","Negotiation","lead.created","0","0.56","FollowupAgent","2025-10-30T03:03:26.722Z"
"1de53cf9-9bbc-4283-b964-02cbcc8c60dd","L189","Lead 189","Company 189","Health","Lost","lead.created","0","0.56","LeadAgent","2026-01-03T16:39:08.826Z"
"2366513c-ef8f-4208-8d80-cf094b6c32e8","L190","Lead 190","Company 190","Retail","Negotiation","lead.created","0","0.8","FollowupAgent","2025-11-22T18:03:56.843Z"
"d45742e4-93dc-471e-b486-7c4143c1f775","L191","Lead 191","Company 191","FinTech","Lost","lead.created","0","0.34","NegotiationAgent","2025-11-06T15:34:23.499Z"
"47b928e0-aaa0-46a0-bc41-8f035a39df76","L192","Lead 192","Company 192","SaaS","Engaged","lead.created","0","0.06","LeadAgent","2025-11-27T06:44:39.801Z"
"451a74f2-183f-4f21-8da5-3fb0aae5c23c","L193","Lead 193","Company 193","FinTech","Lost","lead.created","0","0.47","FollowupAgent","2025-12-30T23:55:53.484Z"
"e6a63806-5033-4904-bd91-4236019b704b","L194","Lead 194","Company 194","Retail","New","lead.created","0","0.4","FollowupAgent","2025-12-30T22:18:00.847Z"
"d5ac93fb-a86d-4f11-b042-a6822345652c","L195","Lead 195","Company 195","FinTech","Lost","lead.created","0","0.82","LeadAgent","2025-11-27T05:37:06.472Z"
"53b084ce-2bf7-406f-b9e3-9be1358d1fcf","L196","Lead 196","Company 196","SaaS","Lost","lead.created","0","0.91","NegotiationAgent","2026-01-05T04:11:03.467Z"
"aa4a40fd-247f-48d5-9165-87b7ea3fa8f9","L197","Lead 197","Company 197","EdTech","Lost","lead.created","0","0.35","FollowupAgent","2025-12-19T19:06:28.595Z"
"921d1d67-130a-40ef-8c4d-85b30569272d","L198","Lead 198","Company 198","SaaS","Engaged","lead.created","0","0.64","FollowupAgent","2025-12-28T07:18:46.514Z"
"563df47d-a600-4c11-bbfa-dd405606bed0","L199","Lead 199","Company 199","EdTech","New","lead.created","0","0.61","LeadAgent","2026-01-02T09:48:45.580Z"
"912fdadb-ff7a-4ada-bb5c-691c25984bd3","L200","Lead 200","Company 200","FinTech","Lost","lead.created","0","0.43","LeadAgent","2025-11-20T04:48:27.281Z"
"0d1bdb1d-0a44-408d-9c72-97ce96577daa","L201","Lead 201","Company 201","Health","Engaged","lead.created","0","0.44","FollowupAgent","2025-12-17T11:53:05.549Z"
"0f66f0a2-9b49-40e7-b369-99883e610c81","L202","Lead 202","Company 202","Health","New","lead.created","0","0.47","NegotiationAgent","2025-12-11T08:41:12.499Z"
"f69a389f-d229-4cfd-9be9-db121e44effc","L203","Lead 203","Company 203","EdTech","Engaged","lead.created","0","0.06","NegotiationAgent","2025-10-29T22:31:11.742Z"
"0d0ba20c-a60f-4d68-b7e2-5a6ae2afdec1","L204","Lead 204","Company 204","SaaS","Engaged","lead.created","0","0.35","FollowupAgent","2026-01-03T22:55:22.556Z"
"371b003b-f085-4164-8450-8516d581ddf8","L205","Lead 205","Company 205","EdTech","Contacted","lead.created","0","0.55","NegotiationAgent","2025-11-27T03:48:47.353Z"
"8dcc79b7-3245-4afb-96d8-55cf1743da47","L206","Lead 206","Company 206","Health","Won","lead.created","35375","0.15","FollowupAgent","2025-11-30T16:22:49.350Z"
"185fbfff-a00c-4069-8fbc-6d9e8a2a28aa","L207","Lead 207","Company 207","EdTech","Contacted","lead.created","0","0.86","FollowupAgent","2025-11-17T05:13:11.597Z"
"4ad2ae6e-8ab4-449c-aa92-a7ad598ce213","L208","Lead 208","Company 208","FinTech","Contacted","lead.created","0","0.87","FollowupAgent","2025-12-05T18:41:19.439Z"
"ea52802e-7db0-4f86-8b4d-4823b7e2e738","L209","Lead 209","Company 209","EdTech","New","lead.created","0","0.43","LeadAgent","2025-11-17T10:56:14.394Z"
"838c9aae-0b7b-405e-84a0-8ba029f0e669","L210","Lead 210","Company 210","SaaS","Won","lead.created","55942","0.56","LeadAgent","2025-11-04T15:01:55.061Z"
"c190ffb6-6de0-424d-9b32-2d94138c1856","L211","Lead 211","Company 211","Health","Negotiation","lead.created","0","0.19","NegotiationAgent","2026-01-07T03:08:07.826Z"
"2946f1e5-cc0f-457d-86c7-614638c258bb","L212","Lead 212","Company 212","SaaS","Engaged","lead.created","0","0.52","NegotiationAgent","2025-12-08T04:21:16.447Z"
"3f3a4084-cd2e-481f-8641-a0b5d092346a","L213","Lead 213","Company 213","FinTech","Engaged","lead.created","0","0.52","FollowupAgent","2025-10-31T01:38:07.196Z"
"4e456a35-9cca-4519-b0c3-2b77bb14a9d2","L214","Lead 214","Company 214","Health","Engaged","lead.created","0","0.31","LeadAgent","2025-12-22T17:15:06.474Z"
"3890cd67-e250-438a-8037-f871af64a63c","L215","Lead 215","Company 215","Health","Engaged","lead.created","0","0.63","LeadAgent","2025-12-14T10:01:12.644Z"
"b4c9ba91-3fa3-4ba5-8986-be751cfd6463","L216","Lead 216","Company 216","SaaS","Lost","lead.created","0","0.74","FollowupAgent","2025-12-17T19:41:57.867Z"
"e4a23398-8d42-4e48-ab81-643202d83446","L217","Lead 217","Company 217","Health","Engaged","lead.created","0","0.26","FollowupAgent","2026-01-16T07:15:50.757Z"
"2ae0840c-7947-4f66-ae13-74ebd968e6f9","L218","Lead 218","Company 218","FinTech","Negotiation","lead.created","0","0.71","LeadAgent","2025-11-04T05:54:54.012Z"
"4576f213-1b14-47c9-944f-76d582d7d251","L219","Lead 219","Company 219","Health","Engaged","lead.created","0","0.29","FollowupAgent","2025-11-07T07:08:02.726Z"
"5d18617b-87e4-4ce1-ac9b-bac0d0219ea3","L220","Lead 220","Company 220","FinTech","Won","lead.created","75405","0.21","LeadAgent","2025-11-24T23:24:22.721Z"
"b5d6f433-9193-429b-aac9-63d7af56ae08","L221","Lead 221","Company 221","Health","Engaged","lead.created","0","0.36","LeadAgent","2025-10-26T17:23:17.331Z"
"5bce7db5-cca1-4c5f-b5f0-98e9a33ee334","L222","Lead 222","Company 222","Retail","New","lead.created","0","0.07","NegotiationAgent","2025-11-21T03:46:37.847Z"
"bbf38e6d-7915-4b27-befe-e823b15a01a1","L223","Lead 223","Company 223","Retail","Contacted","lead.created","0","0.82","NegotiationAgent","2025-12-02T16:30:43.671Z"
"08919528-afb0-484e-b493-7c969518d01a","L224","Lead 224","Company 224","Retail","Contacted","lead.created","0","0.76","LeadAgent","2026-01-06T22:17:26.336Z"
"be10c564-af65-40ad-a4b5-1c8c764a6ad4","L225","Lead 225","Company 225","FinTech","Negotiation","lead.created","0","0.96","LeadAgent","2025-12-11T05:16:31.093Z"
"5fa715a8-b4e8-4edc-a735-3e0e13102961","L226","Lead 226","Company 226","EdTech","New","lead.created","0","0.18","FollowupAgent","2025-12-23T10:41:09.471Z"
"b8287c68-436a-4c3d-81c3-d9754c0d5b43","L227","Lead 227","Company 227","FinTech","Lost","lead.created","0","0.78","FollowupAgent","2026-01-09T05:04:07.863Z"
"38c67cf5-88d5-448d-b3b7-72d5dc4cc58e","L228","Lead 228","Company 228","SaaS","Engaged","lead.created","0","0.92","NegotiationAgent","2025-11-04T12:43:29.388Z"
"7d1d19f1-0f28-49b3-8271-fd8acc5a2a1d","L229","Lead 229","Company 229","EdTech","Won","lead.created","47043","0.85","NegotiationAgent","2025-11-05T16:50:14.214Z"
"81a577c3-a26b-4a28-b073-e69c206fdd08","L230","Lead 230","Company 230","SaaS","Lost","lead.created","0","0.76","LeadAgent","2025-11-06T19:24:10.193Z"
"9d6b4958-ceab-42a0-9daa-50fa863685f0","L231","Lead 231","Company 231","SaaS","Lost","lead.created","0","0.74","FollowupAgent","2026-01-11T17:30:03.724Z"
"3ed93368-3a00-4a4a-8353-8c130fc90866","L232","Lead 232","Company 232","EdTech","New","lead.created","0","0.82","FollowupAgent","2025-10-31T18:05:04.959Z"
"b9271362-da63-40d9-80d3-57e3d1f5f770","L233","Lead 233","Company 233","SaaS","Engaged","lead.created","0","0.97","LeadAgent","2025-12-26T13:46:17.100Z"
"2338d3d2-19d6-4ab9-af54-b99766f821ba","L234","Lead 234","Company 234","SaaS","New","lead.created","0","0.52","LeadAgent","2025-11-25T00:30:37.950Z"
"e6d590aa-6439-479e-8ce3-f572403ca170","L235","Lead 235","Company 235","FinTech","Negotiation","lead.created","0","0.97","NegotiationAgent","2025-12-26T13:29:54.182Z"
"e70f224a-18e4-4ab5-a448-bd7d15874e76","L236","Lead 236","Company 236","Retail","Engaged","lead.created","0","0.85","LeadAgent","2025-10-24T21:38:50.442Z"
"cbebea70-5ab4-4a3d-a1f8-aa2a9d65c8a8","L237","Lead 237","Company 237","EdTech","New","lead.created","0","0.37","LeadAgent","2025-11-06T17:52:49.484Z"
"4bb248f3-de40-4dae-a9a2-5dccafa4d00e","L238","Lead 238","Company 238","Retail","Lost","lead.created","0","0.4","LeadAgent","2025-12-23T10:38:54.422Z"
"fb3615ed-f774-4f22-932a-893f2763368a","L239","Lead 239","Company 239","SaaS","Lost","lead.created","0","0.13","FollowupAgent","2025-12-28T08:00:52.102Z"
"e78d7b8f-df02-4a81-a1b1-e3fa5ec7d12f","L240","Lead 240","Company 240","SaaS","Lost","lead.created","0","0.67","FollowupAgent","2025-11-19T19:42:31.898Z"
"f1467ad4-6faa-4719-bb31-61b9052449a5","L241","Lead 241","Company 241","EdTech","Won","lead.created","67379","0.54","FollowupAgent","2026-01-15T10:43:03.363Z"
"a9a4b70e-7696-4936-b701-9eed3ba45b6f","L242","Lead 242","Company 242","SaaS","Contacted","lead.created","0","0.76","LeadAgent","2025-11-14T07:36:28.998Z"
"a3f0d95e-17b6-4813-967e-71e98579a0e6","L243","Lead 243","Company 243","Retail","Negotiation","lead.created","0","0","LeadAgent","2025-11-06T20:29:33.316Z"
"0c5d224b-feb8-4769-8e2a-5f8d1abacd81","L244","Lead 244","Company 244","Health","Contacted","lead.created","0","0.98","FollowupAgent","2026-01-05T07:30:54.441Z"
"1f25d562-8bea-4d8d-9068-fc44642ca932","L245","Lead 245","Company 245","EdTech","Negotiation","lead.created","0","0.38","FollowupAgent","2025-11-22T03:00:43.436Z"
"2400156b-ae3f-4d54-8f19-3e2203eecff2","L246","Lead 246","Company 246","Health","Lost","lead.created","0","0.89","FollowupAgent","2025-12-26T20:42:24.618Z"
"4203b823-6fcd-42c3-9eb9-6135847c0f68","L247","Lead 247","Company 247","Retail","Contacted","lead.created","0","0.65","FollowupAgent","2025-11-15T12:13:19.411Z"
"86dfe8e0-0501-4cbc-8804-e9418cf9eed8","L248","Lead 248","Company 248","FinTech","Lost","lead.created","0","0.09","LeadAgent","2025-11-25T06:58:03.133Z"
"9672678c-3ff0-4c30-9238-222a856c066e","L249","Lead 249","Company 249","SaaS","Won","lead.created","60508","0.04","LeadAgent","2025-11-27T03:58:30.329Z"
"37f46916-be16-4061-823a-4d2a42c86a39","L250","Lead 250","Company 250","Retail","Won","lead.created","59083","0.99","LeadAgent","2025-11-26T21:45:38.140Z"
"a0bcdb75-3565-44f3-b1f5-20efea25c70a","L251","Lead 251","Company 251","Retail","Negotiation","lead.created","0","0.51","FollowupAgent","2026-01-13T08:35:54.004Z"
"caa7098e-4c7e-4366-bb3e-f294b32e7eed","L252","Lead 252","Company 252","Health","New","lead.created","0","0.3","LeadAgent","2025-12-25T09:35:55.677Z"
"a81c0944-0726-4fd8-a5d0-5d34c3905be4","L253","Lead 253","Company 253","Retail","Lost","lead.created","0","0.66","NegotiationAgent","2025-11-29T10:27:28.448Z"
"45f5ec6b-1247-4579-9bde-3882fc693e74","L254","Lead 254","Company 254","SaaS","Contacted","lead.created","0","0.33","NegotiationAgent","2025-11-13T06:29:20.059Z"
"8584439d-d382-49c2-9b75-9bc43f0dc167","L255","Lead 255","Company 255","Retail","Negotiation","lead.created","0","0.66","FollowupAgent","2025-11-22T14:31:33.445Z"
"30fa22bd-d088-46d4-b844-a29d3736a272","L256","Lead 256","Company 256","SaaS","Engaged","lead.created","0","0.79","LeadAgent","2025-12-05T07:12:07.709Z"
"45ecb981-c25e-4559-af65-edbe3f2828e9","L257","Lead 257","Company 257","Retail","Negotiation","lead.created","0","0.79","NegotiationAgent","2025-11-26T22:48:24.907Z"
"ab7b9e1b-5daa-4c28-bb7f-199bff20462c","L258","Lead 258","Company 258","FinTech","Negotiation","lead.created","0","0.22","LeadAgent","2025-11-07T19:54:58.193Z"
"86739362-da08-4073-a967-e0d263cfb1be","L259","Lead 259","Company 259","FinTech","Negotiation","lead.created","0","0.92","FollowupAgent","2026-01-02T13:25:15.650Z"
"465ccbd1-d80a-4e49-bfb2-f1a52dffe925","L260","Lead 260","Company 260","EdTech","Engaged","lead.created","0","0.64","LeadAgent","2026-01-01T22:56:30.674Z"
"b5c439e7-146d-4b95-ada1-a81dd32cd79c","L261","Lead 261","Company 261","EdTech","Negotiation","lead.created","0","0.22","LeadAgent","2025-12-08T00:10:29.980Z"
"43dbe088-d61e-4991-a117-ad6c4382c1af","L262","Lead 262","Company 262","Health","Contacted","lead.created","0","0.38","FollowupAgent","2025-10-26T05:46:59.820Z"
"851634e6-de0d-44e1-95e9-35b19583a570","L263","Lead 263","Company 263","Retail","Lost","lead.created","0","0.45","NegotiationAgent","2026-01-17T01:06:48.219Z"
"85473ebd-aad2-47c8-b02a-0edf129ad8cb","L264","Lead 264","Company 264","EdTech","Engaged","lead.created","0","0.02","LeadAgent","2025-11-10T08:42:35.192Z"
"38df8cf1-8f55-4ba5-ac1b-5b754bdda878","L265","Lead 265","Company 265","Health","Lost","lead.created","0","0.63","FollowupAgent","2025-10-31T03:17:49.106Z"
"9b1268f0-6007-4ecf-a996-a4c10417fb76","L266","Lead 266","Company 266","EdTech","Negotiation","lead.created","0","0.19","LeadAgent","2025-11-01T13:55:50.289Z"
"c9f02b0b-3a9a-4766-9942-afec59ba4675","L267","Lead 267","Company 267","FinTech","New","lead.created","0","0.04","FollowupAgent","2025-11-19T01:28:41.092Z"
"b3d1db27-c7b4-402c-a130-033706432bd1","L268","Lead 268","Company 268","FinTech","Contacted","lead.created","0","0.98","LeadAgent","2025-12-05T20:16:22.100Z"
"276c05b2-1897-405b-bcef-db86fb560152","L269","Lead 269","Company 269","Health","Contacted","lead.created","0","0.51","NegotiationAgent","2025-12-27T01:14:13.688Z"
"dfdf65b6-d50e-47b3-8560-cb98f72ac300","L270","Lead 270","Company 270","FinTech","Won","lead.created","31658","0.24","FollowupAgent","2025-12-13T18:03:28.256Z"
"b633562c-6635-4421-a583-66b44d32079a","L271","Lead 271","Company 271","Retail","New","lead.created","0","0.26","FollowupAgent","2025-12-22T17:59:19.733Z"
"d93cf8c3-4de8-4c82-86e4-912aaf8f47ee","L272","Lead 272","Company 272","Health","Negotiation","lead.created","0","0.7","NegotiationAgent","2025-11-24T15:51:04.585Z"
"e65e7023-16c8-48fc-b6f6-3bedb8c05434","L273","Lead 273","Company 273","EdTech","New","lead.created","0","0.99","FollowupAgent","2025-12-18T08:21:40.044Z"
"76542faf-fa74-4366-9b8f-65afc80de6f8","L274","Lead 274","Company 274","SaaS","Won","lead.created","85221","0.51","LeadAgent","2025-10-23T08:14:15.212Z"
"cb489a48-0caf-4185-87c6-d9d63a44e323","L275","Lead 275","Company 275","FinTech","Negotiation","lead.created","0","0.64","NegotiationAgent","2025-11-25T23:30:56.693Z"
"b6443446-8840-4ff0-808e-999e4790cde3","L276","Lead 276","Company 276","FinTech","Lost","lead.created","0","0.35","LeadAgent","2026-01-15T01:02:10.150Z"
"db96a2ac-67aa-4481-9de4-113b9e0d2d2e","L277","Lead 277","Company 277","EdTech","New","lead.created","0","0.11","LeadAgent","2025-11-11T00:23:35.086Z"
"201b17a3-93a4-4fee-bc2d-3a7f1f9ea475","L278","Lead 278","Company 278","Health","Negotiation","lead.created","0","0.87","LeadAgent","2025-10-21T16:46:53.711Z"
"f7c33271-85fd-4906-ace8-1a628cf1b777","L279","Lead 279","Company 279","FinTech","Contacted","lead.created","0","0.64","LeadAgent","2025-12-18T05:39:24.311Z"
"1e564c19-de95-4ea5-bf68-530ae0890e29","L280","Lead 280","Company 280","EdTech","Engaged","lead.created","0","0.66","FollowupAgent","2025-11-09T06:44:12.529Z"
"908933d9-9815-435d-9790-7cc60d0298bb","L281","Lead 281","Company 281","Health","Lost","lead.created","0","0.2","LeadAgent","2025-12-22T21:37:54.091Z"
"2b48920f-6fbe-420b-9915-c4726bf53ce4","L282","Lead 282","Company 282","Retail","Engaged","lead.created","0","0.34","NegotiationAgent","2025-11-26T16:43:24.407Z"
"33a1c4e8-c46c-4ab9-9d73-fe6304f0441e","L283","Lead 283","Company 283","Health","Contacted","lead.created","0","0.42","LeadAgent","2026-01-06T01:52:50.383Z"
"4505b01e-2fad-4c08-8a99-a889f4a6ce6a","L284","Lead 284","Company 284","Retail","Engaged","lead.created","0","0.09","NegotiationAgent","2025-12-26T09:17:01.638Z"
"424773ff-7c1b-443e-8b86-3071adff4b82","L285","Lead 285","Company 285","Retail","Negotiation","lead.created","0","0.03","FollowupAgent","2025-12-21T01:24:05.225Z"
"b1ddd72c-7038-4d25-83a8-e495f45ddf25","L286","Lead 286","Company 286","FinTech","Engaged","lead.created","0","0.58","LeadAgent","2025-12-12T12:56:07.604Z"
"22a87f47-509d-44c1-91f1-669caccf1be5","L287","Lead 287","Company 287","EdTech","Lost","lead.created","0","0.8","NegotiationAgent","2025-11-23T03:55:22.697Z"
"0ebd500c-bbba-4d65-9ae6-849f75d6283a","L288","Lead 288","Company 288","EdTech","Negotiation","lead.created","0","0.83","LeadAgent","2025-12-06T21:40:12.879Z"
"771ae498-e873-49f7-a971-0cd7b1eb6a17","L289","Lead 289","Company 289","SaaS","Won","lead.created","16189","0.36","LeadAgent","2025-12-05T23:00:21.371Z"
"ad9fa4cd-a508-4182-a845-d82d681e8b22","L290","Lead 290","Company 290","SaaS","Negotiation","lead.created","0","0.78","FollowupAgent","2025-12-18T14:15:57.162Z"
"12e55793-156c-4c81-adcf-1fb409a01e27","L291","Lead 291","Company 291","Health","New","lead.created","0","0.89","NegotiationAgent","2025-11-07T09:21:25.969Z"
"9fed5f80-01cf-4e51-aa3f-f593b4d1e096","L292","Lead 292","Company 292","Health","Negotiation","lead.created","0","0.46","NegotiationAgent","2026-01-16T13:38:40.858Z"
"788175db-1bad-4fd1-8eb6-df232a3cadbc","L293","Lead 293","Company 293","FinTech","Negotiation","lead.created","0","0.78","NegotiationAgent","2025-12-12T19:54:40.871Z"
"59975b52-8e0f-4eba-8b9a-8e46fcfa399a","L294","Lead 294","Company 294","SaaS","Negotiation","lead.created","0","0.32","NegotiationAgent","2025-12-10T23:52:46.652Z"
"ff4a1f01-51e3-42c3-82d2-a59cfbef405d","L295","Lead 295","Company 295","Retail","New","lead.created","0","0.43","NegotiationAgent","2026-01-03T07:51:05.789Z"
"6aa7210e-8c1e-4a07-a32c-6d25a9bf2bad","L296","Lead 296","Company 296","Retail","New","lead.created","0","0.14","LeadAgent","2025-12-29T20:32:53.237Z"
"d88adced-3190-4bb9-8d39-0f26eb7894a6","L297","Lead 297","Company 297","SaaS","Engaged","lead.created","0","0.97","NegotiationAgent","2026-01-16T00:52:18.714Z"
"d94bf095-b2ab-44c5-8cc6-2332ae490adf","L298","Lead 298","Company 298","SaaS","Negotiation","lead.created","0","0.03","LeadAgent","2026-01-17T11:03:22.806Z"
"843c07c2-44c9-472d-818a-29aefa3c2176","L299","Lead 299","Company 299","SaaS","Negotiation","lead.created","0","0.09","NegotiationAgent","2025-11-25T13:19:46.345Z"
"818058e5-8a31-4978-a347-4a87bdf9fa6c","L300","Lead 300","Company 300","Retail","Won","lead.created","11996","0.85","NegotiationAgent","2025-11-15T21:42:35.918Z"
"dd5f9926-dad1-48fd-a6bf-86ab7543213e","L301","Lead 301","Company 301","EdTech","Won","lead.created","35731","0.06","NegotiationAgent","2025-10-21T02:01:08.028Z"
"0cd57fcc-9d99-4644-83e3-2c60b7303ee7","L302","Lead 302","Company 302","FinTech","Lost","lead.created","0","0.27","LeadAgent","2025-12-20T12:52:29.389Z"
"de92bca1-9e32-49e1-bb2f-2afdfa9c80a8","L303","Lead 303","Company 303","EdTech","Won","lead.created","18834","0.62","NegotiationAgent","2025-10-29T16:38:12.950Z"
"27889220-4081-4ea5-a38b-de3efaf6c5b8","L304","Lead 304","Company 304","Retail","Lost","lead.created","0","0.66","NegotiationAgent","2025-12-17T05:57:25.335Z"
"f350606a-0dd2-4a4f-8b0f-85c7cc2a9c22","L305","Lead 305","Company 305","Health","Negotiation","lead.created","0","0.39","FollowupAgent","2025-10-22T02:50:57.206Z"
"84169fa2-0a96-49b1-a793-b20dae74f778","L306","Lead 306","Company 306","Health","Negotiation","lead.created","0","0.98","FollowupAgent","2025-11-07T11:20:51.193Z"
"fbd8a58c-c6b3-42fa-a458-94fd6adcc05b","L307","Lead 307","Company 307","Retail","Contacted","lead.created","0","0.72","LeadAgent","2025-12-08T06:06:47.377Z"
"184ca6ea-6f92-4a8f-9262-f71c29f7fdfe","L308","Lead 308","Company 308","EdTech","Engaged","lead.created","0","0.73","FollowupAgent","2025-10-23T00:53:38.566Z"
"2a6b1674-d815-45b6-89d6-1c22c5fe626e","L309","Lead 309","Company 309","EdTech","Contacted","lead.created","0","0.83","NegotiationAgent","2026-01-15T09:26:10.335Z"
"fba23259-9592-4969-a75f-c816717cd36c","L310","Lead 310","Company 310","FinTech","Engaged","lead.created","0","0.71","NegotiationAgent","2025-12-09T23:25:22.909Z"
"7844a408-d573-4919-bf73-cbba0e51edc9","L311","Lead 311","Company 311","Retail","Negotiation","lead.created","0","0.23","FollowupAgent","2025-11-11T06:10:36.561Z"
"ffe21cc2-49ed-454b-be58-68a778bc185e","L312","Lead 312","Company 312","FinTech","Negotiation","lead.created","0","0.13","NegotiationAgent","2025-12-09T02:39:08.227Z"
"abccaf23-d34e-468c-9bf9-da28b64b3a5c","L313","Lead 313","Company 313","FinTech","Contacted","lead.created","0","0.82","LeadAgent","2025-12-15T01:25:30.843Z"
"c8152f3b-18d3-4a60-8c39-ec695cdf5021","L314","Lead 314","Company 314","FinTech","Lost","lead.created","0","0.52","FollowupAgent","2025-12-08T16:43:04.570Z"
"d5208298-d617-4eba-9bf6-67e45006ff52","L315","Lead 315","Company 315","EdTech","Contacted","lead.created","0","0.35","FollowupAgent","2026-01-12T19:21:13.664Z"
"232d824b-62a1-47fa-8892-215e3eb8fd59","L316","Lead 316","Company 316","Retail","New","lead.created","0","0.9","FollowupAgent","2025-12-04T20:56:40.390Z"
"234060fe-5998-46bf-bb8b-c1e7e06a0188","L317","Lead 317","Company 317","Health","Lost","lead.created","0","0.52","LeadAgent","2025-10-26T20:01:14.879Z"
"aa38c5f7-6e0c-4d64-a0d2-947494bcf251","L318","Lead 318","Company 318","Retail","Contacted","lead.created","0","0.42","FollowupAgent","2025-11-15T17:44:04.411Z"
"0ed6326a-3e33-4398-935e-2470ca788a60","L319","Lead 319","Company 319","SaaS","Contacted","lead.created","0","0.03","LeadAgent","2025-11-24T11:46:39.580Z"
"1cbaab71-7a74-4ce8-b9ac-9cbff4b435d1","L320","Lead 320","Company 320","FinTech","Engaged","lead.created","0","0.56","LeadAgent","2025-11-21T05:08:36.016Z"
"1a2112ff-fedc-477d-8707-8737ddb7aee9","L321","Lead 321","Company 321","Retail","Engaged","lead.created","0","0.89","LeadAgent","2025-12-31T03:39:09.877Z"
"7b711b8e-4f5c-4cc0-b16b-1592838f32a9","L322","Lead 322","Company 322","FinTech","Engaged","lead.created","0","0.75","NegotiationAgent","2025-11-11T09:54:54.847Z"
"f899b752-72d6-4024-a3ee-e597297a3a6d","L323","Lead 323","Company 323","Retail","Engaged","lead.created","0","0.84","NegotiationAgent","2025-11-16T01:38:49.303Z"
"570a9c02-c1b3-4905-9362-c9aa8a3775b5","L324","Lead 324","Company 324","FinTech","New","lead.created","0","0.46","FollowupAgent","2026-01-07T20:29:24.546Z"
"6204c6f4-3a53-4763-b785-4341f43f231c","L325","Lead 325","Company 325","Health","Negotiation","lead.created","0","0.7","LeadAgent","2025-11-25T18:45:23.076Z"
"b4abcc67-8a70-4b5a-9ea2-325b4b7abf7d","L326","Lead 326","Company 326","Health","Negotiation","lead.created","0","0.69","LeadAgent","2026-01-09T08:12:26.544Z"
"0f01033f-bff8-440e-9819-2db2bddd3414","L327","Lead 327","Company 327","SaaS","Won","lead.created","45307","0.26","LeadAgent","2025-12-29T12:35:59.359Z"
"79eb1a6d-745a-425d-b953-ddaa7ebcbc70","L328","Lead 328","Company 328","Health","Won","lead.created","98164","0.16","LeadAgent","2025-11-28T10:25:58.682Z"
"39edff73-436e-4de6-b308-0d5adbba276f","L329","Lead 329","Company 329","EdTech","Contacted","lead.created","0","0.34","LeadAgent","2025-12-11T10:56:49.848Z"
"e344d061-bd0c-4c2a-9774-b7424e2cc539","L330","Lead 330","Company 330","Retail","Engaged","lead.created","0","0.49","FollowupAgent","2026-01-02T07:39:25.513Z"
"34ba0795-5b1f-4572-a2dc-5ca5074b80ce","L331","Lead 331","Company 331","EdTech","Contacted","lead.created","0","0.8","NegotiationAgent","2025-12-27T13:08:44.073Z"
"b245c143-6735-4dcf-a9ef-48ac84e8d41a","L332","Lead 332","Company 332","Retail","Contacted","lead.created","0","0.22","FollowupAgent","2026-01-14T05:49:44.913Z"
"35db0691-9776-4e55-b6a5-152f87a1fc03","L333","Lead 333","Company 333","FinTech","Contacted","lead.created","0","0.95","NegotiationAgent","2026-01-05T17:05:07.631Z"
"78f1f30f-3795-4bef-9929-1d3b4fd54b45","L334","Lead 334","Company 334","SaaS","Lost","lead.created","0","0.91","NegotiationAgent","2026-01-09T11:57:09.417Z"
"e96b42c2-cea6-4ec4-b42b-00af64e2a135","L335","Lead 335","Company 335","Retail","Won","lead.created","81793","0.12","NegotiationAgent","2025-12-15T00:52:59.330Z"
"1c733f38-b59b-4c85-9409-deb85b0f5758","L336","Lead 336","Company 336","FinTech","Negotiation","lead.created","0","0.45","FollowupAgent","2025-11-03T09:31:00.983Z"
"25120efb-5d67-4d1a-becd-b3a0760973b6","L337","Lead 337","Company 337","SaaS","Contacted","lead.created","0","0.12","NegotiationAgent","2025-11-12T23:22:00.681Z"
"7b1ba51d-74db-4bcd-b493-b47f68fccd2e","L338","Lead 338","Company 338","Retail","Negotiation","lead.created","0","0.3","LeadAgent","2025-11-01T07:09:40.425Z"
"92f04850-f190-4cf9-bca3-d00348bd4a9a","L339","Lead 339","Company 339","EdTech","Contacted","lead.created","0","0.42","FollowupAgent","2025-12-06T06:54:12.008Z"
"73d8b76f-d01f-4b2e-a8db-04b82d128e98","L340","Lead 340","Company 340","Health","Engaged","lead.created","0","0.5","NegotiationAgent","2025-10-28T14:43:04.592Z"
"d48e4825-91f7-4e03-9f2c-c3147d9714fe","L341","Lead 341","Company 341","Retail","Negotiation","lead.created","0","0.85","FollowupAgent","2025-11-04T02:48:06.274Z"
"dc746359-e68e-4f1b-97fb-277836c7dcfb","L342","Lead 342","Company 342","FinTech","Negotiation","lead.created","0","0.83","LeadAgent","2025-12-01T13:04:11.438Z"
"616a3166-6529-4e6a-ac07-80530e9edf43","L343","Lead 343","Company 343","SaaS","Contacted","lead.created","0","0.75","FollowupAgent","2025-11-28T22:07:55.082Z"
"4a64fda4-28da-4876-b9b3-cf5208e998fd","L344","Lead 344","Company 344","SaaS","Contacted","lead.created","0","0.63","NegotiationAgent","2025-12-20T20:35:51.756Z"
"c452e02a-5890-4d44-abe9-c58d551c281b","L345","Lead 345","Company 345","EdTech","Negotiation","lead.created","0","0.11","FollowupAgent","2025-12-23T12:02:59.309Z"
"9816516d-f290-4956-b36a-d545e6a2d914","L346","Lead 346","Company 346","Health","Negotiation","lead.created","0","0.18","NegotiationAgent","2026-01-13T15:24:21.783Z"
"b50346a7-9611-4250-92a2-45096eab961d","L347","Lead 347","Company 347","Retail","Contacted","lead.created","0","0.19","LeadAgent","2026-01-15T17:31:59.578Z"
"0d2cc075-2bb9-47cb-bae8-42975d1254dc","L348","Lead 348","Company 348","Retail","Lost","lead.created","0","0.4","NegotiationAgent","2025-12-06T09:57:02.665Z"
"9dc8a16b-f1be-47af-b1e7-e5d879927fcb","L349","Lead 349","Company 349","FinTech","Lost","lead.created","0","0.25","LeadAgent","2025-11-03T22:11:07.817Z"
"ccd6c432-9df6-47ce-ac82-d5cd2ea712e3","L350","Lead 350","Company 350","Retail","New","lead.created","0","0.66","FollowupAgent","2025-10-29T01:12:56.832Z"
"e37d8f21-7341-4b64-b072-f23f7150c2f5","L351","Lead 351","Company 351","SaaS","Won","lead.created","91603","0.57","NegotiationAgent","2025-11-03T03:16:35.999Z"
"d9bd0b1c-93ce-439b-8b80-bd4ef2f3a54e","L352","Lead 352","Company 352","Retail","Contacted","lead.created","0","0.36","FollowupAgent","2025-11-10T01:23:14.316Z"
"5090c145-54dc-409f-a0f8-c9a515ef966c","L353","Lead 353","Company 353","Retail","Lost","lead.created","0","0.36","LeadAgent","2025-11-07T14:57:08.859Z"
"1f78d193-6a2e-4b8c-b4a2-058d1b5caa34","L354","Lead 354","Company 354","EdTech","Lost","lead.created","0","0.14","NegotiationAgent","2025-11-08T07:43:19.046Z"
"51c4fba1-885c-445d-bd61-147766a54b83","L355","Lead 355","Company 355","Retail","Engaged","lead.created","0","0.46","LeadAgent","2026-01-03T06:25:11.370Z"
"4f5322b2-0876-4870-b412-06444cb2c96c","L356","Lead 356","Company 356","EdTech","Won","lead.created","98072","0.6","LeadAgent","2025-11-25T11:52:02.760Z"
"ce3790c4-63ca-4507-8abc-338cdf092685","L357","Lead 357","Company 357","Health","Engaged","lead.created","0","0.34","NegotiationAgent","2025-12-05T13:01:57.737Z"
"3ee31d4d-cbc6-4ef3-8296-f51b606afd42","L358","Lead 358","Company 358","SaaS","Lost","lead.created","0","0.09","NegotiationAgent","2025-12-10T12:57:46.125Z"
"70715ca4-91f5-4d0c-8eba-84289db9603b","L359","Lead 359","Company 359","Health","Contacted","lead.created","0","0.12","LeadAgent","2025-12-03T05:04:09.386Z"
"0f5d39a7-6242-4277-809d-6f49a12136a5","L360","Lead 360","Company 360","FinTech","Negotiation","lead.created","0","0.72","FollowupAgent","2025-12-03T06:19:40.314Z"
"3726d8fb-1995-410b-ad1f-ac408ed6dbc6","L361","Lead 361","Company 361","Health","Contacted","lead.created","0","0.75","LeadAgent","2026-01-04T12:22:58.177Z"
"27d94a6a-2816-406d-bd77-3513e01b6462","L362","Lead 362","Company 362","Health","New","lead.created","0","0.98","FollowupAgent","2025-10-20T06:41:42.507Z"
"2a685f7e-013a-4356-99f3-30710f464d1a","L363","Lead 363","Company 363","SaaS","Contacted","lead.created","0","0.49","LeadAgent","2025-11-06T09:35:05.090Z"
"04f28b5e-617a-44dc-89b5-9470cfc9a31a","L364","Lead 364","Company 364","Retail","Contacted","lead.created","0","0.57","LeadAgent","2025-10-20T05:29:27.299Z"
"a605c31d-02be-4c8c-b014-4a37b4a298c5","L365","Lead 365","Company 365","FinTech","New","lead.created","0","0.33","LeadAgent","2025-12-17T03:25:44.629Z"
"53c14b7b-993e-4bbd-bd05-5fcf6504e38b","L366","Lead 366","Company 366","Retail","Won","lead.created","63623","0.6","LeadAgent","2025-12-19T19:31:35.180Z"
"2b8dcba6-914b-4250-8df1-49a2721e8c1f","L367","Lead 367","Company 367","Health","Won","lead.created","58681","0.68","FollowupAgent","2025-11-18T16:03:02.990Z"
"2fcd2c93-ab6e-4748-ac25-21fe2185d11a","L368","Lead 368","Company 368","FinTech","Lost","lead.created","0","0.39","LeadAgent","2025-12-08T02:28:00.200Z"
"0a4687fc-417d-4439-8bd9-5e0a87150fe1","L369","Lead 369","Company 369","FinTech","Engaged","lead.created","0","0.1","FollowupAgent","2025-12-12T09:30:36.074Z"
"d02f53b1-c636-4fc9-92a4-b4bdeaccfeec","L370","Lead 370","Company 370","FinTech","Negotiation","lead.created","0","0.84","NegotiationAgent","2025-12-07T12:52:59.136Z"
"59cebe22-86e1-4d77-8a0d-3affd5cf1793","L371","Lead 371","Company 371","FinTech","Lost","lead.created","0","0.79","LeadAgent","2026-01-16T22:06:56.368Z"
"0f082cf7-5bee-443a-9200-901797ea5421","L372","Lead 372","Company 372","SaaS","Won","lead.created","42530","0.35","NegotiationAgent","2025-10-21T23:14:09.105Z"
"58627d00-5010-4ed9-b720-16ee3231c7a3","L373","Lead 373","Company 373","EdTech","Negotiation","lead.created","0","0.13","FollowupAgent","2025-12-08T12:28:28.514Z"
"a67c9b96-5eaa-4710-b6d2-dcb2d95f9309","L374","Lead 374","Company 374","FinTech","Engaged","lead.created","0","0.01","FollowupAgent","2025-12-31T08:46:31.032Z"
"546ef2f8-b503-4a20-9202-b7440379a098","L375","Lead 375","Company 375","EdTech","Engaged","lead.created","0","0.12","LeadAgent","2025-10-26T23:12:59.071Z"
"6abbb4a1-a0c4-4171-b3e0-200bb8bc1ee7","L376","Lead 376","Company 376","FinTech","Contacted","lead.created","0","0.48","FollowupAgent","2025-12-31T08:52:50.376Z"
"f7563723-75b7-46b6-bbd9-1708572a57a5","L377","Lead 377","Company 377","FinTech","Won","lead.created","15705","0.62","FollowupAgent","2025-11-20T06:02:21.996Z"
"29204c6c-e7f4-4aa9-9969-43722e7e1158","L378","Lead 378","Company 378","FinTech","Contacted","lead.created","0","0.64","LeadAgent","2025-11-08T01:21:16.201Z"
"90add1f8-e13d-4d82-8f30-194ed5628394","L379","Lead 379","Company 379","EdTech","Engaged","lead.created","0","0.39","FollowupAgent","2025-12-19T02:16:02.832Z"
"6321768c-505e-46e3-a213-016535f18e7b","L380","Lead 380","Company 380","EdTech","Won","lead.created","67185","0.53","NegotiationAgent","2025-11-29T02:05:52.241Z"
"3d41d532-e60a-48ce-ae4a-a5946d77f3e1","L381","Lead 381","Company 381","SaaS","Engaged","lead.created","0","0.76","LeadAgent","2025-12-14T14:17:14.671Z"
"26701399-5c5f-4caa-bf63-9628eb4a193d","L382","Lead 382","Company 382","SaaS","Engaged","lead.created","0","0.31","NegotiationAgent","2025-10-24T16:43:01.043Z"
"d3288909-c217-4538-839d-4c9b2b068224","L383","Lead 383","Company 383","SaaS","Lost","lead.created","0","0.98","NegotiationAgent","2026-01-07T04:30:06.094Z"
"711d5709-37aa-4b26-a62a-0a239ecd1a99","L384","Lead 384","Company 384","Health","Contacted","lead.created","0","0.69","NegotiationAgent","2025-11-25T11:57:44.648Z"
"6e332503-ca19-41de-b679-52f038fba979","L385","Lead 385","Company 385","FinTech","Lost","lead.created","0","0.56","FollowupAgent","2025-11-09T21:16:16.542Z"
"9ea03a59-3596-402e-aff3-e637438961ba","L386","Lead 386","Company 386","SaaS","Negotiation","lead.created","0","0.53","FollowupAgent","2025-11-25T12:23:08.279Z"
"7ab0bba4-3147-47a8-85a6-91f2f107b361","L387","Lead 387","Company 387","Health","Engaged","lead.created","0","0.64","LeadAgent","2025-12-11T15:40:29.530Z"
"4dfdaca8-f52e-42de-ad87-e35ee1422b03","L388","Lead 388","Company 388","Retail","Lost","lead.created","0","0.01","FollowupAgent","2025-12-06T10:40:05.079Z"
"f2b56a1a-2ccc-488f-bced-918d90a9dbfb","L389","Lead 389","Company 389","FinTech","Engaged","lead.created","0","0.26","NegotiationAgent","2025-12-13T13:43:01.585Z"
"b868a0a1-7037-4ed0-afd0-049ba591c866","L390","Lead 390","Company 390","EdTech","New","lead.created","0","0.19","LeadAgent","2025-10-23T12:29:55.015Z"
"ef370dad-38b8-4b5f-9a78-db536a80c27d","L391","Lead 391","Company 391","EdTech","Engaged","lead.created","0","0.13","FollowupAgent","2026-01-13T16:55:06.909Z"
"5bdd1ddb-1f3a-4dbe-86a2-7f4cba6e7e55","L392","Lead 392","Company 392","Health","Lost","lead.created","0","0.4","LeadAgent","2026-01-13T11:02:18.844Z"
"0d96f709-f34e-4228-b8a3-73ac29da3c25","L393","Lead 393","Company 393","Retail","Lost","lead.created","0","0.99","FollowupAgent","2025-12-06T18:48:48.438Z"
"e5d4f208-4a6f-4ee5-837f-51886129d8f0","L394","Lead 394","Company 394","FinTech","Contacted","lead.created","0","0.37","NegotiationAgent","2025-11-24T00:55:53.048Z"
"c3b87c34-0d3b-4caf-be9c-e0775d9d0437","L395","Lead 395","Company 395","SaaS","Won","lead.created","26777","0.49","FollowupAgent","2025-10-30T09:05:13.922Z"
"25ef6b09-683b-4dc1-9568-0ee63809c09d","L396","Lead 396","Company 396","FinTech","Engaged","lead.created","0","0.22","LeadAgent","2025-12-17T00:03:45.022Z"
"922e1607-17de-4bc5-aca7-6c77f9e162c1","L397","Lead 397","Company 397","Retail","Negotiation","lead.created","0","0.87","LeadAgent","2025-10-27T01:33:54.681Z"
"76f85c52-9957-40b0-b0c8-152a6d393a95","L398","Lead 398","Company 398","EdTech","Lost","lead.created","0","0.72","NegotiationAgent","2025-11-15T21:27:35.690Z"
"1b9935f2-bc02-43ed-a4d9-5c66203b40ce","L399","Lead 399","Company 399","EdTech","Contacted","lead.created","0","0.23","LeadAgent","2026-01-14T18:26:46.421Z"
"e5a8ce39-f921-4ad4-b986-41be1ce63e26","L400","Lead 400","Company 400","FinTech","Contacted","lead.created","0","0.61","FollowupAgent","2026-01-13T15:11:16.965Z"
"1d4a438b-1ad6-4efe-b4fe-bf6a1c461ce9","L401","Lead 401","Company 401","EdTech","Won","lead.created","44270","0.22","LeadAgent","2026-01-15T01:30:00.446Z"
"c3d624e0-9328-43ad-83e5-bb3fedbcd44f","L402","Lead 402","Company 402","Retail","Won","lead.created","56419","0.58","NegotiationAgent","2025-11-26T01:20:12.539Z"
"f58c905f-1ada-4f4a-b6f7-5339d6b7b08f","L403","Lead 403","Company 403","SaaS","Engaged","lead.created","0","0.05","NegotiationAgent","2025-12-13T04:36:53.250Z"
"72332b84-5f54-415a-bd5b-7e661848570a","L404","Lead 404","Company 404","Health","Lost","lead.created","0","0.71","NegotiationAgent","2025-11-17T07:42:58.952Z"
"a235ba1f-3ec0-426f-8a08-da71fceb1eb4","L405","Lead 405","Company 405","Health","Engaged","lead.created","0","0.21","NegotiationAgent","2026-01-15T22:03:40.739Z"
"c7314cf0-a43d-4f79-a156-5033099b188b","L406","Lead 406","Company 406","Health","Lost","lead.created","0","0.16","LeadAgent","2026-01-11T23:39:52.557Z"
"0a4a1530-7bbd-489f-90ec-b54001ecdec9","L407","Lead 407","Company 407","EdTech","Won","lead.created","52762","0.33","FollowupAgent","2026-01-07T17:15:48.657Z"
"4d549e63-fcb6-4779-acec-f27271f82834","L408","Lead 408","Company 408","Retail","Contacted","lead.created","0","0.61","LeadAgent","2025-11-24T15:34:53.285Z"
"29b9a366-0341-43ca-bbc3-34cee6f1843f","L409","Lead 409","Company 409","EdTech","Won","lead.created","83616","0.06","FollowupAgent","2025-11-01T16:53:26.394Z"
"3b593e0b-f005-487e-8242-d879b8c96f6b","L410","Lead 410","Company 410","FinTech","Contacted","lead.created","0","0.49","NegotiationAgent","2026-01-16T10:17:15.022Z"
"eb8f7f82-ff8d-4354-ae81-f80c50460367","L411","Lead 411","Company 411","Retail","Engaged","lead.created","0","0.32","LeadAgent","2025-12-14T13:55:42.990Z"
"5478f638-2beb-49a2-8646-7d942e8cd5c4","L412","Lead 412","Company 412","SaaS","Negotiation","lead.created","0","0.04","NegotiationAgent","2025-11-23T14:15:24.938Z"
"f772a0de-41f3-45f9-b118-dbf0101c191e","L413","Lead 413","Company 413","EdTech","Lost","lead.created","0","0.13","FollowupAgent","2025-12-11T16:49:44.227Z"
"2100ae42-fbba-4444-88b4-2684af8c20b5","L414","Lead 414","Company 414","Retail","Negotiation","lead.created","0","0.92","LeadAgent","2025-11-01T13:27:35.410Z"
"fcb73cff-cbec-4c2d-ae8e-6ddc796adb56","L415","Lead 415","Company 415","Health","New","lead.created","0","0.61","LeadAgent","2025-11-18T19:30:09.855Z"
"4c397fb4-4995-4d3f-a771-8cc9f1ed442c","L416","Lead 416","Company 416","FinTech","Lost","lead.created","0","0.66","LeadAgent","2025-11-19T20:22:54.533Z"
"12f00809-5fc0-417e-bd76-09692e049c4c","L417","Lead 417","Company 417","FinTech","Negotiation","lead.created","0","0.41","LeadAgent","2026-01-16T23:30:48.362Z"
"65681461-715c-456a-b0f6-c412d37149f5","L418","Lead 418","Company 418","FinTech","Negotiation","lead.created","0","0.31","NegotiationAgent","2025-11-19T15:52:33.363Z"
"f3ebd5bb-bf14-46fe-9ca4-0f716e5131da","L419","Lead 419","Company 419","FinTech","New","lead.created","0","0.77","LeadAgent","2025-12-05T15:36:49.100Z"
"b77c1f72-5a9e-4837-90be-1ac0e9ffa3b5","L420","Lead 420","Company 420","FinTech","Lost","lead.created","0","0.28","FollowupAgent","2025-11-21T10:37:12.765Z"
"201946c8-f791-48a6-8d1d-fbc645c63bb7","L421","Lead 421","Company 421","SaaS","Engaged","lead.created","0","0.37","NegotiationAgent","2025-12-08T06:13:58.558Z"
"474ed87c-0a7c-4494-b68c-1e5601bc90b9","L422","Lead 422","Company 422","Health","New","lead.created","0","0.23","NegotiationAgent","2025-11-06T02:41:28.531Z"
"456bfdb7-6352-4b73-aff7-2582c8cb1e2d","L423","Lead 423","Company 423","FinTech","Lost","lead.created","0","0.57","LeadAgent","2025-12-16T10:59:55.109Z"
"ab4bbea2-41b1-4300-ab45-b658432b6912","L424","Lead 424","Company 424","FinTech","Engaged","lead.created","0","0.14","FollowupAgent","2025-12-21T10:33:41.255Z"
"462713a8-a35d-40ee-8f7d-a2c4dbd82875","L425","Lead 425","Company 425","Retail","Engaged","lead.created","0","0.5","FollowupAgent","2025-12-04T02:01:11.943Z"
"6bfc078e-0259-41c1-86de-41f65284aacf","L426","Lead 426","Company 426","EdTech","Engaged","lead.created","0","0.45","LeadAgent","2025-12-05T13:46:40.529Z"
"65c66c48-3d04-40fc-96f1-71a15dfe9ec9","L427","Lead 427","Company 427","EdTech","New","lead.created","0","0.34","LeadAgent","2025-11-06T03:24:01.118Z"
"6d2905dc-62b4-42a6-af60-5cd5944a8d63","L428","Lead 428","Company 428","EdTech","Contacted","lead.created","0","0.83","FollowupAgent","2026-01-13T13:18:39.553Z"
"33366d90-bb0b-4ecc-9943-79d6dab4280a","L429","Lead 429","Company 429","SaaS","New","lead.created","0","0.33","FollowupAgent","2025-12-03T15:26:42.341Z"
"5e0abbb2-a60f-4533-9daf-36561263cd88","L430","Lead 430","Company 430","FinTech","Negotiation","lead.created","0","0.85","LeadAgent","2025-12-01T19:51:33.471Z"
"3977b1f6-27d8-4350-9259-db117143354a","L431","Lead 431","Company 431","EdTech","Engaged","lead.created","0","0.65","LeadAgent","2025-12-12T15:12:43.706Z"
"ec8155de-b238-4aeb-b4a6-a004e396d6ff","L432","Lead 432","Company 432","Health","New","lead.created","0","0.35","FollowupAgent","2025-11-15T22:02:18.615Z"
"75c411d5-44e5-40fc-9ee0-42370b27ae2b","L433","Lead 433","Company 433","EdTech","Negotiation","lead.created","0","0.94","FollowupAgent","2025-12-23T04:38:03.052Z"
"f50c2b66-14e5-432e-bfdf-2c01c3be7b67","L434","Lead 434","Company 434","SaaS","Contacted","lead.created","0","0.99","FollowupAgent","2025-12-21T15:18:13.790Z"
"76401ce5-eb01-4b6c-a319-8f1e8d88a34c","L435","Lead 435","Company 435","Retail","Engaged","lead.created","0","0.48","FollowupAgent","2026-01-01T11:13:25.691Z"
"0f7a3bfa-a2a8-43d4-a542-f41c18c3d7ab","L436","Lead 436","Company 436","Retail","Negotiation","lead.created","0","0.97","LeadAgent","2025-10-28T01:06:23.045Z"
"40507d47-c00e-413a-96b2-09a096677148","L437","Lead 437","Company 437","EdTech","Engaged","lead.created","0","0.06","LeadAgent","2025-11-07T02:25:39.051Z"
"e09b5cca-7e19-4ce7-a5e4-def2b8ef1938","L438","Lead 438","Company 438","SaaS","Won","lead.created","60382","0.69","LeadAgent","2025-12-23T02:53:36.146Z"
"2b4e4378-684e-499c-8413-4f89bed5d036","L439","Lead 439","Company 439","FinTech","New","lead.created","0","0.91","LeadAgent","2025-11-21T02:56:31.093Z"
"52e749fd-7059-470b-8781-0e6b8e9a3754","L440","Lead 440","Company 440","FinTech","Negotiation","lead.created","0","0.25","FollowupAgent","2025-11-11T05:25:38.845Z"
"4ceabdfd-c383-4ae5-82a5-958faf25745c","L441","Lead 441","Company 441","EdTech","New","lead.created","0","0.55","FollowupAgent","2026-01-08T23:53:28.281Z"
"e68ce166-c3ef-4a15-b1ef-70dff59ae444","L442","Lead 442","Company 442","SaaS","Contacted","lead.created","0","0.24","LeadAgent","2026-01-06T15:29:46.076Z"
"db8c9f0f-52fb-4128-8710-2d8e022be632","L443","Lead 443","Company 443","Retail","Negotiation","lead.created","0","0.86","FollowupAgent","2025-12-15T08:28:08.346Z"
"17cde9f8-83bb-424a-a318-0af8b03e5945","L444","Lead 444","Company 444","SaaS","Lost","lead.created","0","0.83","LeadAgent","2025-12-27T15:01:21.389Z"
"bc155668-bb53-43b7-87e8-f80a3fd430dc","L445","Lead 445","Company 445","Health","Engaged","lead.created","0","1","FollowupAgent","2025-12-22T11:00:48.586Z"
"abd53f7a-bade-4e9a-89b4-c3030d7dd7ac","L446","Lead 446","Company 446","Health","Negotiation","lead.created","0","0.91","NegotiationAgent","2025-11-16T19:03:20.202Z"
"0248d615-30a2-4c68-b2da-76d549f786d0","L447","Lead 447","Company 447","Health","Lost","lead.created","0","0.53","NegotiationAgent","2026-01-10T22:10:36.462Z"
"e75c47e4-beb0-4d56-9385-e33a9d7a5f6a","L448","Lead 448","Company 448","Retail","Contacted","lead.created","0","0.47","FollowupAgent","2025-12-19T22:20:52.626Z"
"560574e9-8497-42c2-a7c1-8c1f80d5a823","L449","Lead 449","Company 449","SaaS","Contacted","lead.created","0","0.67","NegotiationAgent","2025-11-01T10:58:28.340Z"
"5442b0e3-914a-4a0f-8e43-d1f39f2c6a3c","L450","Lead 450","Company 450","Retail","Won","lead.created","50486","0.43","LeadAgent","2025-11-18T14:26:21.170Z"
"9eaa39d4-dd7f-4dec-8f29-85aba15d8586","L451","Lead 451","Company 451","Health","New","lead.created","0","0.28","FollowupAgent","2025-12-14T12:26:16.106Z"
"bc1d4fc2-3858-4b90-82b3-58c3d497501b","L452","Lead 452","Company 452","Health","Contacted","lead.created","0","0.43","LeadAgent","2025-12-22T01:05:55.739Z"
"6c804228-1462-42f6-9778-e6858d51da50","L453","Lead 453","Company 453","Health","Engaged","lead.created","0","0.99","NegotiationAgent","2025-11-07T13:47:47.217Z"
"4c89e199-4570-4c4c-b9f3-c57c528faa22","L454","Lead 454","Company 454","Health","Lost","lead.created","0","0.2","NegotiationAgent","2025-12-06T03:03:17.956Z"
"50203836-6aaa-45aa-9138-1bbe1b0a5d98","L455","Lead 455","Company 455","SaaS","Contacted","lead.created","0","0.29","LeadAgent","2025-11-10T01:45:53.103Z"
"413a2417-0b42-47f1-ad10-2b9645466e83","L456","Lead 456","Company 456","SaaS","Lost","lead.created","0","0.64","NegotiationAgent","2025-10-25T15:53:29.228Z"
"1ef139ad-5c5b-4e43-b0ee-e0e472661206","L457","Lead 457","Company 457","Retail","New","lead.created","0","0.01","FollowupAgent","2025-11-27T18:32:55.374Z"
"5fd05ef5-484f-4c0c-9c4c-afa2c0ea6433","L458","Lead 458","Company 458","EdTech","New","lead.created","0","0.53","LeadAgent","2025-11-05T11:10:50.663Z"
"2a1087c1-3aba-4163-9772-c50596598eb0","L459","Lead 459","Company 459","Retail","Negotiation","lead.created","0","0.98","FollowupAgent","2025-11-04T12:38:49.334Z"
"98f5dc65-94ab-44b8-9afd-c038a153b762","L460","Lead 460","Company 460","Health","Won","lead.created","86795","0.48","FollowupAgent","2025-11-15T22:13:37.476Z"
"1ced391b-139c-4a76-8eac-af6cee4f2d11","L461","Lead 461","Company 461","SaaS","Engaged","lead.created","0","0.97","NegotiationAgent","2025-12-23T17:22:35.331Z"
"7bcf8fa6-e230-4a97-b7df-2b82c2aa8078","L462","Lead 462","Company 462","SaaS","Engaged","lead.created","0","0.26","FollowupAgent","2025-10-27T19:46:14.225Z"
"5dd65d12-bd01-4f46-bff4-1a612bdab478","L463","Lead 463","Company 463","FinTech","Won","lead.created","84655","0.18","NegotiationAgent","2026-01-05T10:29:52.453Z"
"630424f6-bff9-46cd-b6fd-373de46c574a","L464","Lead 464","Company 464","SaaS","Lost","lead.created","0","0.16","NegotiationAgent","2025-12-27T19:26:05.009Z"
"061a807b-8429-4186-810b-746283cb6cf6","L465","Lead 465","Company 465","EdTech","Engaged","lead.created","0","0.52","LeadAgent","2025-12-25T09:18:17.336Z"
"599ed593-9be7-4821-a534-9b3cb6db62d9","L466","Lead 466","Company 466","EdTech","Engaged","lead.created","0","0.05","LeadAgent","2025-11-30T08:01:33.035Z"
"2d201815-08cc-450c-91dd-25340454a6de","L467","Lead 467","Company 467","FinTech","Engaged","lead.created","0","0.87","FollowupAgent","2025-11-02T01:42:46.532Z"
"9ae23d4a-f512-4d7b-812f-6ee1aac1e6d3","L468","Lead 468","Company 468","Retail","Engaged","lead.created","0","0.51","NegotiationAgent","2025-11-24T09:41:15.665Z"
"28ca300d-9c5d-493b-a1b7-32d4da2ff959","L469","Lead 469","Company 469","Health","Lost","lead.created","0","0.28","NegotiationAgent","2025-12-29T10:38:43.025Z"
"1ecff101-8314-46c6-bdf7-6ec645551298","L470","Lead 470","Company 470","Retail","Engaged","lead.created","0","0.08","FollowupAgent","2025-11-14T19:23:08.637Z"
"14f98d60-0fa0-4440-9953-02a975a673ee","L471","Lead 471","Company 471","FinTech","Engaged","lead.created","0","0.25","FollowupAgent","2025-12-04T16:09:19.495Z"
"9fcbfcae-73aa-496e-bc3f-d115835cbd25","L472","Lead 472","Company 472","Retail","Negotiation","lead.created","0","0.27","NegotiationAgent","2025-10-30T04:52:45.870Z"
"19be51b5-5113-408f-9a31-b854892fbb34","L473","Lead 473","Company 473","Retail","Won","lead.created","40306","0.59","NegotiationAgent","2025-12-18T14:09:03.695Z"
"856904ca-4ef4-4705-9dc0-54764d4ae770","L474","Lead 474","Company 474","SaaS","Contacted","lead.created","0","0.9","FollowupAgent","2026-01-11T16:35:31.347Z"
"9fc6f56e-036f-441a-8d71-660da55a8cee","L475","Lead 475","Company 475","FinTech","Engaged","lead.created","0","0.78","NegotiationAgent","2025-10-31T16:10:25.235Z"
"22ed811d-e161-4d4e-b8e8-a3b97c34bfeb","L476","Lead 476","Company 476","EdTech","Won","lead.created","25588","0.03","FollowupAgent","2025-11-02T01:49:54.481Z"
"668bf097-d2b6-46f2-ad84-a0551097e6f9","L477","Lead 477","Company 477","Retail","Won","lead.created","91241","0.62","FollowupAgent","2025-12-15T23:32:06.757Z"
"1f3937c6-c1cc-4081-b115-17796aa36bad","L478","Lead 478","Company 478","EdTech","Contacted","lead.created","0","0.96","FollowupAgent","2025-12-29T12:28:34.707Z"
"155d0a03-1cd3-487a-b303-5f6243e80bdd","L479","Lead 479","Company 479","Health","Lost","lead.created","0","0.39","LeadAgent","2025-11-15T14:23:56.810Z"
"07a437e3-08f5-4c16-9d07-c6c9b166672a","L480","Lead 480","Company 480","FinTech","Won","lead.created","65590","0.94","FollowupAgent","2025-11-03T07:58:53.927Z"
"e92cabcc-17b9-493f-b741-41fb4e4b4886","L481","Lead 481","Company 481","FinTech","New","lead.created","0","0.68","LeadAgent","2026-01-04T13:20:46.719Z"
"e49c6df6-2590-4a0e-8946-22606ab669a8","L482","Lead 482","Company 482","EdTech","Engaged","lead.created","0","0.92","NegotiationAgent","2025-11-18T01:43:28.859Z"
"70aeb285-9463-46cf-9eed-2465d5eafbf1","L483","Lead 483","Company 483","SaaS","Engaged","lead.created","0","0.65","FollowupAgent","2025-11-02T12:39:28.605Z"
"286a5924-6354-4735-a49e-0ec726347a14","L484","Lead 484","Company 484","Health","Negotiation","lead.created","0","0.88","LeadAgent","2025-10-29T17:07:05.026Z"
"f14978ca-a7a2-48fb-b4d0-f1ed73fc212e","L485","Lead 485","Company 485","Retail","Engaged","lead.created","0","0.91","NegotiationAgent","2026-01-09T23:36:59.230Z"
"32af41da-2374-4ddd-9677-c3fa0d038c73","L486","Lead 486","Company 486","Retail","New","lead.created","0","0.25","FollowupAgent","2025-12-16T09:00:29.621Z"
"a2d829a5-43d5-4878-a8e6-188e60e82836","L487","Lead 487","Company 487","Health","Contacted","lead.created","0","0.62","NegotiationAgent","2026-01-14T22:21:50.235Z"
"5c46a3a4-9b38-4f96-b47b-9f45360950e3","L488","Lead 488","Company 488","EdTech","Won","lead.created","50277","0.69","LeadAgent","2025-12-07T23:02:11.753Z"
"e442161d-02c7-4e7a-8a34-f831a2d0c32f","L489","Lead 489","Company 489","Health","Won","lead.created","46361","0.53","LeadAgent","2026-01-04T05:59:36.193Z"
"fb5ee685-1355-48d7-8120-41a5caf44586","L490","Lead 490","Company 490","Retail","Lost","lead.created","0","0.38","FollowupAgent","2025-12-18T12:41:37.782Z"
"b58dec42-1109-4365-a33e-6ecfc5a77737","L491","Lead 491","Company 491","SaaS","Engaged","lead.created","0","0.04","FollowupAgent","2025-12-12T20:30:28.117Z"
"9f6d8c81-3187-4936-9575-9d697ec2c4c3","L492","Lead 492","Company 492","FinTech","Contacted","lead.created","0","0.52","LeadAgent","2025-11-16T13:04:11.702Z"
"a090f9b3-c12b-4b10-8a10-e5458aef43d1","L493","Lead 493","Company 493","Retail","Lost","lead.created","0","0.85","NegotiationAgent","2025-11-16T21:19:34.200Z"
"069f1c0c-27ae-457e-accc-0a22e9a489de","L494","Lead 494","Company 494","EdTech","Contacted","lead.created","0","0.44","LeadAgent","2025-11-03T13:11:45.390Z"
"2a2025b9-6832-4353-8c93-1dd8a3adb1bd","L495","Lead 495","Company 495","SaaS","Won","lead.created","39280","0.87","FollowupAgent","2025-12-15T08:25:04.831Z"
"9cb437fd-1939-4c8a-9ab3-9578f34a520d","L496","Lead 496","Company 496","Health","Engaged","lead.created","0","0.03","FollowupAgent","2026-01-12T19:40:36.122Z"
"dec9655b-61d5-43e0-bdc8-16ac07b45b83","L497","Lead 497","Company 497","Health","Contacted","lead.created","0","0.23","LeadAgent","2025-11-26T12:25:47.325Z"
"86220171-f974-48b8-8141-ef1ee3d3e361","L498","Lead 498","Company 498","EdTech","Contacted","lead.created","0","0.64","NegotiationAgent","2025-11-18T02:01:43.391Z"
"d7b76896-51a5-43cc-bb23-76f6850cf7e7","L499","Lead 499","Company 499","SaaS","Lost","lead.created","0","0.72","LeadAgent","2025-10-27T06:49:24.157Z"
"67e109ab-0a37-4c16-9b57-5c38e1d3c62b","L500","Lead 500","Company 500","Health","Contacted","lead.created","0","0.91","NegotiationAgent","2025-11-09T01:30:37.731Z"